"last_name, first_name",player_id,year,player_age,ab,pa,hit,single,double,triple,home_run,strikeout,walk,k_percent,bb_percent,batting_avg,slg_percent,on_base_percent,on_base_plus_slg,woba,xwoba,sweet_spot_percent,barrel_batted_rate,hard_hit_percent,avg_best_speed,avg_hyper_speed,whiff_percent,swing_percent,maxeff_arm_2b_3b_sba,n_outs_above_average,sprint_speed
"Pujols, Albert",405395,2022,42,307,351,83,45,14,0,24,55,28,15.7,8,0.27,0.55,0.345,0.895,0.38,0.365,34.5,12,47.3,102.064436899,95.425491822,21.3,48.2,,,22.7
"Freeman, Freddie",518692,2022,32,612,708,199,129,47,2,21,102,84,14.4,11.9,0.325,0.511,0.407,0.918,0.393,0.403,42.9,9.9,47.8,100.761588016,95.094269494,19.5,49.3,,,26.9
"Toro, Abraham",647351,2022,25,324,352,60,36,13,1,10,65,22,18.5,6.3,0.185,0.324,0.239,0.563,0.246,0.284,31.2,6.8,29.7,97.172547348,92.624451255,21.6,47.3,,,28
"Torkelson, Spencer",679529,2022,22,360,404,73,48,16,1,8,99,37,24.5,9.2,0.203,0.319,0.285,0.604,0.272,0.302,35.4,8.4,41.8,100.743731756,94.657766412,25.6,45.9,,,27.8
"Stallings, Jacob",607732,2022,32,346,384,77,61,12,0,4,83,29,21.6,7.6,0.223,0.292,0.292,0.584,0.265,0.274,33.5,3.4,32.3,96.725527727,92.385356023,22.7,43.7,82,,23.7
"Paredes, Isaac",670623,2022,23,331,381,68,32,16,0,20,67,44,17.6,11.5,0.205,0.435,0.304,0.739,0.323,0.297,27.4,6.4,38.7,98.355538496,93.255665472,16.5,39.8,,,26.2
"Margot, Manuel",622534,2022,27,336,363,92,68,18,2,4,68,24,18.7,6.6,0.274,0.375,0.325,0.7,0.308,0.299,30.9,3.7,37.9,99.958428538,94.191039654,24.7,52.7,,0,27.9
"Turner, Trea",607208,2022,29,652,708,194,130,39,4,21,131,45,18.5,6.4,0.298,0.466,0.343,0.809,0.35,0.335,35.3,7.6,41.6,100.188198893,94.238854962,26.3,51.2,,,30.3
"Díaz, Elias",553869,2022,31,351,381,80,51,18,2,9,82,25,21.5,6.6,0.228,0.368,0.281,0.649,0.284,0.274,28.3,5.9,39.3,100.058292985,94.204058315,22.7,51.8,84.8,,26.1
"Vogelbach, Daniel",596129,2022,29,386,461,92,54,19,1,18,114,73,24.7,15.8,0.238,0.433,0.36,0.793,0.349,0.35,38.1,10.6,39.9,99.817658603,94.085066691,20.4,32.2,,,24
"Taylor, Tyrone",621438,2022,28,373,405,87,46,21,3,17,102,22,25.2,5.4,0.233,0.442,0.286,0.728,0.314,0.307,34.7,9.9,37.6,99.154219632,93.742033346,26.5,50.9,,7,28.4
"Robles, Victor",645302,2022,25,366,407,82,64,10,2,6,104,17,25.6,4.2,0.224,0.311,0.273,0.584,0.26,0.244,29.2,3.2,23.8,96.221152581,92.171514939,27.2,53.8,,6,28.8
"Anderson, Tim",641313,2022,29,332,351,100,81,13,0,6,55,14,15.7,4,0.301,0.395,0.339,0.734,0.323,0.336,37.5,5.8,41.2,98.957560507,93.5528044,23.2,57.9,,,28.4
"Hicks, Aaron",543305,2022,32,384,453,83,64,9,2,8,109,62,24.1,13.7,0.216,0.313,0.33,0.643,0.292,0.303,25.2,5.8,33.1,98.078223577,93.127214322,25.8,41.1,,0,27.9
"Chavis, Michael",656308,2022,26,401,426,92,59,16,3,14,126,19,29.6,4.5,0.229,0.389,0.265,0.654,0.282,0.261,33,7.5,38.7,99.520768345,93.803336787,30.8,57.7,,,28.8
"Upton, Justin",457708,2022,34,48,57,6,4,1,0,1,23,6,40.4,10.5,0.125,0.208,0.263,0.471,0.231,0.249,36,4,32,99.128878333,93.64988375,37.5,45.4,,,27.2
"García, Luis",671277,2022,22,360,377,99,67,23,2,7,84,11,22.3,2.9,0.275,0.408,0.295,0.703,0.303,0.305,37.4,7.5,36.7,98.963627429,93.569820789,27,53.5,,,27
"Polanco, Jorge",593871,2022,28,375,445,88,56,16,0,16,95,64,21.3,14.4,0.235,0.405,0.346,0.751,0.333,0.358,37.7,10.2,38.7,99.924839571,94.156301183,25.6,42.4,,,28.1
"Walsh, Jared",665120,2022,28,423,454,91,56,18,2,15,138,27,30.4,5.9,0.215,0.374,0.269,0.643,0.278,0.28,34,9.5,42.5,100.931193759,94.894355638,27.6,49.1,,,25.9
"Moncada, Yoán",660162,2022,27,397,433,84,53,18,1,12,114,32,26.3,7.4,0.212,0.353,0.273,0.626,0.275,0.289,35.1,9.8,37.5,99.519949858,93.912687082,27.8,47.1,,,27.4
"Franco, Wander",677551,2022,21,314,344,87,58,20,3,6,33,26,9.6,7.6,0.277,0.417,0.328,0.745,0.323,0.331,35.1,4.6,35.8,98.428767413,93.287600772,13.3,51.3,,,27.8
"Castro, Willi",650489,2022,25,365,392,88,60,18,2,8,82,15,20.9,3.8,0.241,0.367,0.284,0.651,0.285,0.286,35.5,3.5,31.4,97.165751549,92.663004452,28.4,58.2,,0,28.3
"Wallner, Matt",670242,2022,24,57,65,13,8,3,0,2,25,6,38.5,9.2,0.228,0.386,0.323,0.709,0.311,0.245,21.9,9.4,53.1,102.52181,95.903495313,38.1,44,,-1,28.3
"Sánchez, Gary",596142,2022,29,419,471,86,46,24,0,16,136,40,28.9,8.5,0.205,0.377,0.282,0.659,0.29,0.321,29.2,13.5,49.3,103.200555347,96.181078537,30.8,44,86.3,,25.2
"Hager, Jake",606993,2022,29,50,59,12,10,2,0,0,17,8,28.8,13.6,0.24,0.28,0.345,0.625,0.291,0.247,32.4,5.9,17.6,94.036659333,91.089237667,29.5,46.9,,,27.1
"MacKinnon, David",676950,2022,27,50,57,7,7,0,0,0,17,6,29.8,10.5,0.14,0.14,0.228,0.368,0.181,0.259,26.5,2.9,20.6,95.337789412,91.668894706,24.1,44.4,,,26.7
"Wong, Connor",657136,2022,26,48,56,9,5,3,0,1,16,5,28.6,8.9,0.188,0.313,0.273,0.586,0.263,0.277,20.6,11.8,32.4,99.758804706,94.271729091,30.6,48.9,85.7,,28.9
"Pérez, Roberto",547379,2022,33,60,69,14,10,2,0,2,25,9,36.2,13,0.233,0.367,0.333,0.7,0.315,0.308,42.9,11.4,51.4,101.789615556,95.453621714,36.6,39.9,78.5,,25.2
"Vargas, Miguel",678246,2022,22,47,50,8,6,1,0,1,13,2,26,4,0.17,0.255,0.2,0.455,0.2,0.255,25.7,8.6,40,98.538499444,93.609804857,24.3,51,,,29.3
"Walls, Taylor",670764,2022,25,407,466,70,42,18,2,8,120,52,25.8,11.2,0.172,0.285,0.268,0.553,0.252,0.268,32.6,6.2,28.5,96.121545455,92.072558077,25.4,43,,,28.8
"Semien, Marcus",543760,2022,31,657,724,163,101,31,5,26,120,53,16.6,7.3,0.248,0.429,0.304,0.733,0.317,0.306,32.4,6.8,34.9,97.838624343,93.00847117,20.6,47.2,,,28.8
"Sanó, Miguel",593934,2022,29,60,71,5,4,0,0,1,25,9,35.2,12.7,0.083,0.133,0.211,0.344,0.176,0.302,30.6,13.9,52.8,102.693380556,96.171660278,37.2,39.6,,,26.7
"India, Jonathan",663697,2022,25,386,431,96,68,16,2,10,94,31,21.8,7.2,0.249,0.378,0.327,0.705,0.314,0.301,36,4.8,28.8,97.40599669,92.71951917,23.6,41.3,,,27.7
"Rojas, Jose",670351,2022,29,56,57,7,5,2,0,0,19,0,33.3,0,0.125,0.161,0.14,0.301,0.134,0.182,21.6,2.7,32.4,96.317041667,92.241079444,26,57.5,,,26.4
"Lewis, Kyle",641786,2022,26,56,62,8,5,0,0,3,19,5,30.6,8.1,0.143,0.304,0.226,0.53,0.239,0.3,24.3,10.8,32.4,99.820208889,93.910104444,39.2,47.5,,,24.1
"Ahmed, Nick",605113,2022,32,52,54,12,7,2,0,3,15,2,27.8,3.7,0.231,0.442,0.259,0.701,0.302,0.227,32.4,5.4,32.4,96.865202778,92.508848611,24.1,51.2,,,27.9
"Contreras, Mark",676628,2022,27,58,61,7,3,1,0,3,21,1,34.4,1.6,0.121,0.293,0.148,0.441,0.189,0.304,28.9,31.6,57.9,104.284496316,97.133628947,31.9,62.7,,3,28.4
"Tucker, Cole",657061,2022,25,63,63,11,9,1,1,0,25,0,39.7,0,0.175,0.222,0.175,0.397,0.172,0.198,39.5,7.9,23.7,94.314187368,91.434396579,28.1,46,,-1,27.7
"Raley, Luke",670042,2022,27,61,72,12,9,2,0,1,24,7,33.3,9.7,0.197,0.279,0.306,0.585,0.271,0.286,31.6,13.2,39.5,100.628204737,94.641931351,39.9,50.7,,1,29.3
"Sheets, Gavin",657757,2022,26,377,410,91,57,19,0,15,86,27,21,6.6,0.241,0.411,0.295,0.706,0.308,0.283,32.3,6.5,36.1,98.93534363,93.559241787,21.9,47.7,,-5,26.6
"Burleson, Alec",676475,2022,23,48,53,9,7,1,0,1,9,5,17,9.4,0.188,0.271,0.264,0.535,0.245,0.325,35.9,10.3,48.7,100.518393158,95.136274211,24.7,51.1,,,25.3
"Peraza, Oswald",672724,2022,22,49,57,15,11,3,0,1,9,6,15.8,10.5,0.306,0.429,0.404,0.833,0.371,0.343,25,5,30,95.3083725,92.10581375,17.7,49.4,,,28.9
"Park, Hoy",660829,2022,26,51,60,11,7,2,0,2,15,4,25,6.7,0.216,0.373,0.276,0.649,0.282,0.269,20,10,25,96.311552105,92.268094324,20.7,38.8,,,27.4
"Segura, Jean",516416,2022,32,354,387,98,79,9,0,10,58,25,15,6.5,0.277,0.387,0.336,0.723,0.32,0.303,28.3,4.4,38.4,99.507672313,93.804578639,18.5,48.8,,,27.7
"Nola, Austin",543592,2022,32,347,397,87,68,15,0,4,60,34,15.1,8.6,0.251,0.329,0.321,0.65,0.29,0.305,35.4,2.4,39.7,98.960360608,93.682414983,14.4,42.8,81.4,,26.4
"Diaz, Jordan",672478,2022,21,49,51,13,10,3,0,0,7,2,13.7,3.9,0.265,0.327,0.294,0.621,0.275,0.229,26.2,0,31,96.129837619,92.068414524,20.4,63.6,,,26.1
"Robinson, Chuckie",642020,2022,27,59,60,8,4,2,0,2,17,0,28.3,0,0.136,0.271,0.136,0.407,0.173,0.255,23.3,9.3,30.2,97.52340381,92.76556,25.4,59.5,86.3,,26.5
"Cameron, Daz",663662,2022,25,64,70,14,9,3,1,1,20,5,28.6,7.1,0.219,0.344,0.286,0.63,0.28,0.303,43.2,9.1,43.2,100.319888182,94.301869318,30.7,47.7,,-1,28.6
"Heredia, Guillermo",628338,2022,31,76,82,12,5,3,1,3,32,6,39,7.3,0.158,0.342,0.22,0.562,0.246,0.228,38.6,11.4,31.8,97.683478636,92.851456136,35.8,54.8,,0,28
"Capel, Conner",668843,2022,25,52,59,16,12,0,1,3,10,5,16.9,8.5,0.308,0.519,0.356,0.875,0.371,0.336,34.1,6.8,31.8,97.990665455,93.173799773,24.8,45,,1,27.4
"Calhoun, Willie",641432,2022,27,52,62,7,3,3,0,1,8,9,12.9,14.5,0.135,0.25,0.274,0.524,0.249,0.309,22.7,2.3,38.6,99.757001364,94.052842093,14,36.9,,,25.8
"Soto, Livan",670869,2022,22,55,59,22,15,5,1,1,13,2,22,3.4,0.4,0.582,0.414,0.996,0.424,0.281,40.9,0,15.9,92.851194286,90.623598049,16.8,50.7,,,27.5
"Cooper, Garrett",643265,2022,31,414,469,108,64,33,2,9,119,40,25.4,8.5,0.261,0.415,0.337,0.752,0.33,0.341,39,10.7,43.7,101.295185,94.99247689,25.1,45.2,,,26.3
"Lagares, Juan",501571,2022,33,60,62,11,8,2,1,0,15,2,24.2,3.2,0.183,0.25,0.21,0.46,0.203,0.242,40,2.2,40,98.693379565,93.50569,27.6,52.7,,0,27.5
"Pinto, René",650907,2022,25,80,83,17,12,3,0,2,35,2,42.2,2.4,0.212,0.325,0.241,0.566,0.249,0.219,20,4.4,42.2,100.210100435,94.321997111,36.8,56,83.4,,26.8
"Jankowski, Travis",608671,2022,31,55,64,9,9,0,0,0,10,8,15.6,12.5,0.164,0.164,0.281,0.445,0.222,0.259,22.2,0,22.2,92.702330952,90.908144524,9.9,39.1,,2,29.1
"Thaiss, Matt",642136,2022,27,69,81,15,12,1,0,2,24,11,29.6,13.6,0.217,0.319,0.321,0.64,0.286,0.289,21.7,6.5,37,98.469698696,93.243073043,34.2,46.9,83.9,,24.5
"Encarnacion, Jerar",666464,2022,24,77,81,14,8,3,0,3,32,3,39.5,3.7,0.182,0.338,0.21,0.548,0.236,0.228,30.4,6.5,41.3,100.049450435,94.552698043,42.7,54.6,,0,27.7
"Groshans, Jordan",677954,2022,22,61,65,16,15,0,0,1,13,4,20,6.2,0.262,0.311,0.308,0.619,0.278,0.263,37.5,2.1,37.5,98.61393375,93.529322917,17.9,44.5,,,26.5
"Gosselin, Phil",594838,2022,33,74,77,11,10,0,1,0,24,2,31.2,2.6,0.149,0.176,0.182,0.358,0.163,0.207,30,2,36,96.7428284,92.3714142,27.1,46.5,,,29
"Garrett, Stone",656448,2022,26,76,84,21,9,8,0,4,27,3,32.1,3.6,0.276,0.539,0.309,0.848,0.36,0.268,28,10,52,101.2777156,95.5788512,35,56.7,,,28.6
"Stefanic, Michael",683021,2022,26,61,69,12,10,2,0,0,12,5,17.4,7.2,0.197,0.23,0.279,0.509,0.239,0.266,28,2,22,93.49606,90.955379592,19.2,41.4,,,26.4
"d'Arnaud, Travis",518595,2022,33,396,426,106,62,25,1,18,90,19,21.1,4.5,0.268,0.472,0.319,0.791,0.343,0.313,35,8.5,38.9,99.567378882,93.920566898,26.9,52.8,82.2,,26.1
"Harris II, Michael",671739,2022,21,414,441,123,74,27,3,19,107,21,24.3,4.8,0.297,0.514,0.339,0.853,0.368,0.335,32.8,10.1,45.1,102.581692941,95.614748459,28.1,52.4,,7,29.4
"Casas, Triston",671213,2022,22,76,95,15,9,1,0,5,23,19,24.2,20,0.197,0.408,0.358,0.766,0.344,0.325,28.3,7.5,41.5,99.403010741,93.836791698,26.3,37.9,,,24.9
"Gordon, Nick",624503,2022,26,405,443,110,69,28,4,9,105,19,23.7,4.3,0.272,0.427,0.316,0.743,0.321,0.333,36.6,9.4,44.7,99.949105229,94.408223268,27.8,59.4,,0,27.8
"Kreidler, Ryan",668952,2022,24,73,84,13,11,1,0,1,22,6,26.2,7.1,0.178,0.233,0.244,0.477,0.218,0.273,34.5,7.3,32.7,96.201781111,92.261975094,27.6,49.2,,,28.2
"Urías, Luis",649966,2022,25,406,472,97,63,17,1,16,99,50,21,10.6,0.239,0.404,0.335,0.739,0.327,0.326,34.3,8.3,35.3,97.964867677,93.080449903,22.2,43.2,,,26.4
"Thomas, Alek",677950,2022,22,381,411,88,62,17,1,8,74,22,18,5.4,0.231,0.344,0.275,0.619,0.272,0.277,27.9,3.8,34.6,98.660118182,93.330771656,25,49.2,,7,29.3
"Collins, Zack",641470,2022,27,97,108,15,7,4,0,4,41,9,38,8.3,0.155,0.32,0.231,0.551,0.245,0.257,35.1,8.8,40.4,99.471708621,94.050769123,36.5,41.3,78.4,,24.6
"Demeritte, Travis",641513,2022,27,89,96,19,14,2,0,3,32,6,33.3,6.3,0.213,0.337,0.26,0.597,0.263,0.263,34.5,6.9,37.9,100.223234828,94.186779655,38.2,43.3,,-2,28.2
"Lamb, Jake",571875,2022,31,97,111,21,11,6,1,3,38,11,34.2,9.9,0.216,0.392,0.315,0.707,0.314,0.314,35.6,11.9,44.1,100.710084667,94.859118475,31.1,43.3,,-2,26.1
"Jung, Josh",673962,2022,24,98,102,20,10,4,1,5,39,4,38.2,3.9,0.204,0.418,0.235,0.653,0.28,0.287,40.7,10.2,32.2,98.305209333,93.279324746,30.8,47,,,27
"Contreras, Willson",575929,2022,30,416,487,101,54,23,2,22,103,45,21.1,9.2,0.243,0.466,0.349,0.815,0.357,0.364,30.2,10.5,48.6,103.238284065,96.034015696,30.9,50.6,86,,27.5
"Rutschman, Adley",668939,2022,24,398,470,101,52,35,1,13,86,65,18.3,13.8,0.254,0.445,0.362,0.807,0.354,0.342,35.6,7.9,36.8,99.028130823,93.60531527,17.9,40.5,86.3,,27.1
"Moreno, Gabriel",672515,2022,22,69,73,22,20,1,0,1,8,4,11,5.5,0.319,0.377,0.356,0.733,0.326,0.299,29.5,3.3,32.8,97.748776129,93.009237869,19.7,47.9,81.8,,27.5
"Barrera, Luis",642456,2022,26,77,85,18,12,5,0,1,17,6,20,7.1,0.234,0.338,0.294,0.632,0.28,0.257,32.8,3.3,32.8,96.470882,92.307228136,19.6,48.4,,2,28.5
"Zimmer, Bradley",605548,2022,29,105,117,13,6,5,0,2,45,5,38.5,4.3,0.124,0.229,0.207,0.436,0.203,0.225,21.3,11.5,34.4,99.040262143,93.699233818,37.4,51.7,,4,29.3
"Mazeika, Patrick",664850,2022,28,68,72,13,8,4,0,1,9,2,12.5,2.8,0.191,0.294,0.214,0.508,0.222,0.218,29.5,3.3,18,93.467468276,90.797627414,14.9,49.6,76.4,,24.3
"Stowers, Kyle",669065,2022,24,91,98,23,15,4,1,3,29,5,29.6,5.1,0.253,0.418,0.306,0.724,0.316,0.337,38.7,11.3,50,102.094287742,95.636152581,32.8,55.4,,-2,27
"Moniak, Mickey",666160,2022,24,106,112,18,11,3,1,3,44,4,39.3,3.6,0.17,0.302,0.207,0.509,0.223,0.206,22.2,7.9,31.7,98.719537419,93.466598689,37.9,58.3,,1,28.2
"Fairchild, Stuart",656413,2022,26,97,110,24,14,4,1,5,34,8,30.9,7.3,0.247,0.464,0.336,0.8,0.35,0.317,31.7,9.5,41.3,99.364164194,93.906276721,35.8,48.2,,2,29.1
"Solak, Nick",669256,2022,27,82,95,17,13,1,0,3,19,7,20,7.4,0.207,0.329,0.309,0.638,0.291,0.335,28.1,7.8,34.4,98.943208065,93.471604032,23.8,42.3,,-1,28.6
"White, Eli",642201,2022,28,105,117,21,16,2,0,3,41,11,35,9.4,0.2,0.305,0.274,0.579,0.26,0.255,30.8,4.6,29.2,97.840377143,92.922132679,39.6,46.6,,5,30
"Heim, Jonah",641680,2022,27,406,450,92,55,20,1,16,87,41,19.3,9.1,0.227,0.399,0.298,0.697,0.306,0.291,29.6,6.9,39.9,99.379567107,93.916796887,21.4,50.8,83.7,,26
"Sierra, Magneuris",642423,2022,26,91,96,15,11,1,3,0,25,4,26,4.2,0.165,0.242,0.2,0.442,0.195,0.212,22.4,0,16.4,94.478225,91.413321017,24.2,54.9,,3,29.5
"Freeman, Tyler",671289,2022,23,77,86,19,16,3,0,0,11,4,12.8,4.7,0.247,0.286,0.314,0.6,0.274,0.27,28.4,1.5,26.9,96.960101818,92.566031846,18.5,50.7,,,28.1
"Papierski, Michael",657709,2022,26,91,103,13,11,1,0,1,26,10,25.2,9.7,0.143,0.187,0.228,0.415,0.197,0.217,28.4,0,9,88.340397273,89.381348308,19.1,43.5,78.1,,24.7
"Gonzalez, Romy",663853,2022,25,105,109,25,18,4,1,2,39,2,35.8,1.8,0.238,0.352,0.257,0.609,0.264,0.265,29.9,9,49.3,102.563254242,95.828662308,37.9,53.7,,,28.6
"Candelario, Jeimer",600869,2022,28,429,467,93,59,19,2,13,109,28,23.3,6,0.217,0.361,0.272,0.633,0.277,0.292,37,8.3,34.6,98.352499379,93.27808162,25.4,52.6,,,27.3
"Kepler, Max",596146,2022,29,388,446,88,60,18,1,9,66,49,14.8,11,0.227,0.348,0.318,0.666,0.298,0.338,31.9,7.1,39.9,100.09058546,94.217393221,19.9,46.1,,11,27.8
"Trammell, Taylor",666211,2022,24,102,117,20,7,9,0,4,33,13,28.2,11.1,0.196,0.402,0.284,0.686,0.3,0.292,29.6,9.9,28.2,97.776181429,92.975271014,33.7,47.7,,1,26.8
"Bote, David",623520,2022,29,116,127,30,18,8,0,4,45,6,35.4,4.7,0.259,0.431,0.315,0.746,0.325,0.287,34.7,6.9,55.6,102.8376175,96.457184366,33.5,44.7,,,26.6
"Vavra, Terrin",679631,2022,25,89,103,23,19,2,1,1,19,12,18.4,11.7,0.258,0.337,0.34,0.677,0.303,0.321,37.5,1.4,23.6,96.135936571,92.201115217,23.2,49.6,,,27.3
"Carroll, Corbin",682998,2022,21,104,115,27,12,9,2,4,31,8,27,7,0.26,0.5,0.33,0.83,0.358,0.293,34.2,5.5,32.9,97.229943784,92.678458904,28.8,44.8,,5,30.7
"Muncy, Max",571970,2022,31,464,565,91,47,22,1,21,141,90,25,15.9,0.196,0.384,0.329,0.713,0.318,0.339,34.3,13.4,45.6,100.488456196,94.680756043,26.1,38.6,,,27.2
"Canó, Robinson",429664,2022,39,100,104,15,13,1,0,1,25,4,24,3.8,0.15,0.19,0.183,0.373,0.169,0.237,29.3,4,41.3,100.261988108,94.247323243,24.9,56.8,,,24.4
"Bolt, Skye",621450,2022,28,106,116,21,15,2,0,4,30,7,25.9,6,0.198,0.33,0.259,0.589,0.261,0.261,29.9,5.2,35.1,98.380471053,93.373823467,28.5,47.2,,2,27.8
"Stubbs, Garrett",596117,2022,29,106,121,28,18,4,1,5,30,14,24.8,11.6,0.264,0.462,0.35,0.812,0.355,0.275,33.8,5.2,27.3,96.098752571,92.112040145,21.2,39.2,83.5,,27.3
"Huff, Sam",669087,2022,24,121,132,29,21,4,0,4,42,11,31.8,8.3,0.24,0.372,0.303,0.675,0.296,0.294,35.4,10.1,36.7,99.99883625,94.152076329,39,53.3,88.1,,27
"Allen, Greg",656185,2022,29,118,134,22,16,4,0,2,42,10,31.3,7.5,0.186,0.271,0.26,0.531,0.242,0.229,25,2.5,32.5,97.13406027,92.677602568,30.2,46.1,,2,28.3
"Melendez Jr., MJ",669004,2022,23,460,534,100,58,21,3,18,131,66,24.5,12.4,0.217,0.393,0.313,0.706,0.31,0.332,31,10.4,43.5,100.595888323,94.716383713,27.8,44.6,83,-2,27.8
"Donaldson, Josh",518626,2022,36,478,546,106,63,28,0,15,148,54,27.1,9.9,0.222,0.374,0.308,0.682,0.302,0.299,34.8,9.8,43.3,100.977600417,94.867949761,33.2,47.3,,,25.7
"Moran, Colin",592567,2022,29,109,128,23,15,3,0,5,30,16,23.4,12.5,0.211,0.376,0.305,0.681,0.3,0.318,30.5,8.5,39,99.499238293,94.098082593,27.7,49.8,,,24.2
"Perez, Salvador",521692,2022,32,445,473,113,66,23,1,23,109,18,23,3.8,0.254,0.465,0.292,0.757,0.324,0.323,34.8,11.2,49,101.468749294,95.293979056,31.8,57.4,82.9,,25.3
"Stott, Bryson",681082,2022,24,427,466,100,69,19,2,10,89,36,19.1,7.7,0.234,0.358,0.295,0.653,0.289,0.284,29.4,4.4,36.8,97.97018994,93.096499761,17.2,45,,,29
"Carlson, Dylan",666185,2022,23,432,488,102,60,30,4,8,94,45,19.3,9.2,0.236,0.38,0.316,0.696,0.306,0.301,35.7,4.4,27.2,96.293953036,92.150882262,25.6,46.2,,3,28.1
"Perdomo, Geraldo",672695,2022,22,431,500,84,67,10,2,5,103,50,20.6,10,0.195,0.262,0.285,0.547,0.253,0.269,28.1,2,25.1,95.305189236,91.661910605,18.3,41.3,,,27.3
"Culberson, Charlie",518586,2022,33,115,124,29,21,6,0,2,31,5,25,4,0.252,0.357,0.283,0.64,0.281,0.251,28.4,1.1,27.3,95.647602143,91.889355952,30.5,59,,,27.8
"Acuña Jr., Ronald",660670,2022,24,467,533,124,85,24,0,15,126,53,23.6,9.9,0.266,0.413,0.351,0.764,0.335,0.365,32.8,12.8,49.7,103.759318129,96.440064282,24.9,47.9,,-7,28.5
"Santana, Carlos",467793,2022,36,431,506,87,50,18,0,19,88,71,17.4,14,0.202,0.376,0.316,0.692,0.308,0.352,31.6,9.3,44.9,100.993708488,94.851060233,21.3,42.6,,,25.7
"Pérez, Michael",605421,2022,29,121,132,18,12,0,0,6,32,10,24.2,7.6,0.149,0.298,0.214,0.512,0.228,0.276,35.6,7.8,36.7,98.192780667,93.304814719,28.4,44.3,83.5,,24.5
"Langeliers, Shea",669127,2022,24,142,153,31,14,10,1,6,53,9,34.6,5.9,0.218,0.43,0.261,0.691,0.296,0.259,42.9,9.9,38.5,99.086486739,93.605224725,42.7,54.2,86.9,,28.7
"Hall, Darick",669742,2022,26,136,142,34,16,8,1,9,44,5,31,3.5,0.25,0.522,0.282,0.804,0.343,0.312,37,17.4,44.6,101.637107174,95.146168043,33.7,52.5,,,26.3
"Hernández, Teoscar",606192,2022,29,499,535,133,72,35,1,25,152,34,28.4,6.4,0.267,0.491,0.316,0.807,0.348,0.351,36.3,15,53.3,103.420419483,96.496717867,35.1,48.8,,-4,28.6
"Ruiz, Keibert",660688,2022,23,394,433,99,70,22,0,7,50,30,11.5,6.9,0.251,0.36,0.313,0.673,0.299,0.328,36.3,3.7,32.3,97.283247895,92.718755058,14.9,50.9,79,,25.3
"Escobar, Alcides",444876,2022,35,124,131,27,21,4,2,0,32,5,24.4,3.8,0.218,0.282,0.26,0.542,0.242,0.233,39.1,1.1,17.4,92.492630217,90.550370549,21.3,54.3,,,28.2
"Brosseau, Mike",670712,2022,28,141,160,36,25,5,0,6,48,14,30,8.8,0.255,0.418,0.344,0.762,0.338,0.3,34.4,8.6,41.9,98.509374894,93.686113441,31.1,46.9,,,27.7
"Mercado, Óscar",640458,2022,27,121,128,25,14,6,1,4,29,5,22.7,3.9,0.207,0.372,0.242,0.614,0.266,0.258,33.3,6.5,29,96.400118085,92.245220968,26.6,56.7,,-3,28.4
"Wong, Kolten",543939,2022,31,430,497,108,65,24,4,15,88,46,17.7,9.3,0.251,0.43,0.339,0.769,0.336,0.305,33.5,5.4,35.5,97.674374503,92.864768387,20.2,43.1,,,26.2
"Carpenter, Matt",572761,2022,36,128,154,39,15,9,0,15,35,19,22.7,12.3,0.305,0.727,0.412,1.139,0.472,0.36,41.1,13.7,42.1,99.672980435,94.162418352,23.7,41.4,,0,26
"Ozuna, Marcell",542303,2022,31,470,507,106,64,19,0,23,122,31,24.1,6.1,0.226,0.413,0.274,0.687,0.298,0.334,31.8,13.1,43.8,101.775141886,95.035047714,28.7,49.4,,-3,26.6
"Mateo, Jorge",622761,2022,27,494,533,109,64,25,7,13,147,27,27.6,5.1,0.221,0.379,0.267,0.646,0.281,0.272,35.5,6,32.7,98.63578407,93.337279593,30.9,53.9,,,30.1
"Miranda, Jose",669304,2022,24,444,483,119,79,25,0,15,91,28,18.8,5.8,0.268,0.426,0.325,0.751,0.329,0.317,34.2,6.2,42.4,99.818973051,94.236161898,24.3,51.5,,,26.2
"Brown, Seth",664913,2022,29,500,555,115,61,26,3,25,146,51,26.3,9.2,0.23,0.444,0.305,0.749,0.323,0.338,34.9,13,41.4,101.723429266,95.001222068,29.6,48.3,,-4,27.8
"Kelenic, Jarred",672284,2022,22,163,181,23,10,5,1,7,61,16,33.7,8.8,0.141,0.313,0.221,0.534,0.238,0.271,27.2,13.6,35,99.0507575,93.58765835,33.3,48.5,,1,27.3
"Leblanc, Charles",641779,2022,26,156,169,41,27,10,0,4,53,12,31.4,7.1,0.263,0.404,0.32,0.724,0.318,0.285,36.9,8.7,32,98.569849412,93.395520588,25.5,44.3,,,28
"Bellinger, Cody",641355,2022,26,504,550,106,57,27,3,19,150,38,27.3,6.9,0.21,0.389,0.265,0.654,0.284,0.278,34.4,8.3,38.1,98.149983833,93.243694234,27.2,49.9,,7,28.1
"Larnach, Trevor",663616,2022,25,160,180,37,19,13,0,5,57,18,31.7,10,0.231,0.406,0.306,0.712,0.309,0.322,36.2,11.4,43.8,101.431611321,95.113861143,40.2,41.6,,0,27
"Heyward, Jason",518792,2022,32,137,151,28,21,5,1,1,32,11,21.2,7.3,0.204,0.277,0.278,0.555,0.253,0.278,26.7,4.8,38.1,99.795272642,93.960513048,27.8,48.4,,1,27
"Grissom, Vaughn",687093,2022,21,141,156,41,30,6,0,5,34,11,21.8,7.1,0.291,0.44,0.353,0.793,0.345,0.326,35.2,7.4,34.3,97.006606667,92.504939352,25.6,51.9,,,27.7
"Andujar, Miguel",609280,2022,27,132,140,31,24,5,1,1,27,5,19.3,3.6,0.235,0.311,0.257,0.568,0.247,0.281,34.3,3.7,31.5,97.706368148,92.953611028,23.4,51.9,,1,27.4
"Díaz, Lewin",650331,2022,25,160,174,27,18,4,0,5,54,11,31,6.3,0.169,0.287,0.224,0.511,0.228,0.219,29.6,5.6,28.7,97.258491481,92.70251037,27.2,46.2,,,24.7
"Cain, Lorenzo",456715,2022,36,145,156,26,20,5,0,1,36,8,23.1,5.1,0.179,0.234,0.231,0.465,0.212,0.23,21.8,0,36.4,99.010785455,93.632816636,25.8,53,,3,28.3
"Rizzo, Anthony",519203,2022,32,465,548,104,50,21,1,32,101,58,18.4,10.6,0.224,0.48,0.338,0.818,0.352,0.349,34.2,10.9,41,99.618112951,94.120579288,22.8,46.1,,,25.5
"Chang, Yu",644374,2022,26,168,190,35,25,6,0,4,59,16,31.1,8.4,0.208,0.315,0.289,0.604,0.273,0.29,35.1,9,36.9,99.67517875,93.930700901,29.3,47.5,,,28.4
"Meadows, Austin",640457,2022,27,128,147,32,24,6,2,0,17,16,11.6,10.9,0.25,0.328,0.347,0.675,0.307,0.38,34.2,6.3,39.6,99.928750727,94.100384273,13.2,41,,-3,27.2
"Rodríguez, Julio",677594,2022,21,511,560,145,89,25,3,28,145,40,25.9,7.1,0.284,0.509,0.345,0.854,0.366,0.337,32.7,13.1,50.7,103.718795769,96.379006446,30.4,50.2,,9,29.7
"Cabrera, Oswaldo",665828,2022,23,154,171,38,23,8,1,6,44,15,25.7,8.8,0.247,0.429,0.312,0.741,0.322,0.287,41.1,6.3,34.8,97.586874909,92.793437455,26.9,52.4,,0,27.6
"Hummel, Cooper",669450,2022,27,176,201,31,17,8,3,3,64,23,31.8,11.4,0.176,0.307,0.274,0.581,0.262,0.292,30.1,7.1,35.4,99.536416429,93.823074324,27.5,40.9,82.2,-1,28.8
"McKinstry, Zach",656716,2022,27,166,185,33,19,6,3,5,52,16,28.1,8.6,0.199,0.361,0.273,0.634,0.28,0.288,41.4,4.3,30.2,96.760488421,92.451668761,21.1,46.6,,,28.3
"Canha, Mark",592192,2022,33,462,542,123,86,24,0,13,97,48,17.9,8.9,0.266,0.403,0.367,0.77,0.343,0.323,32.2,4.9,36.6,98.317698315,93.261380654,22.1,42.9,,-1,27.5
"Marte, Starling",516782,2022,33,466,505,136,91,24,5,16,97,26,19.2,5.1,0.292,0.468,0.347,0.815,0.355,0.336,38.5,6.8,33.9,99.153544837,93.595179373,24,49.8,,-2,28
"Alvarez, Yordan",670541,2022,25,470,561,144,76,29,2,37,106,78,18.9,13.9,0.306,0.613,0.406,1.019,0.427,0.462,40.7,21,59.8,105.676985081,98.195923324,23.4,42.7,,-7,26.6
"Gurriel Jr., Lourdes",666971,2022,28,453,493,132,94,32,1,5,83,31,16.8,6.3,0.291,0.4,0.343,0.743,0.327,0.321,34.7,3.8,45.7,100.376795914,94.662022446,21.3,48.7,,-2,27.3
"Chapman, Matt",656305,2022,29,538,621,123,68,27,1,27,170,68,27.4,11,0.229,0.433,0.324,0.757,0.331,0.341,34,12.9,51.2,102.906606237,96.223630699,28.7,41.7,,,28.4
"Naylor, Josh",647304,2022,25,449,498,115,67,28,0,20,80,38,16.1,7.6,0.256,0.452,0.319,0.771,0.331,0.327,28.9,8.6,42.8,101.054916237,94.744173602,19.5,51,,,25.3
"Mazara, Nomar",608577,2022,27,159,171,42,32,8,0,2,40,10,23.4,5.8,0.264,0.352,0.316,0.668,0.297,0.294,35.3,4.2,32.8,97.016111333,92.550589748,26.8,46.5,,1,26.3
"Wade, Tyler",642180,2022,27,147,163,32,26,5,0,1,33,10,20.2,6.1,0.218,0.272,0.272,0.544,0.247,0.248,37,1.7,16,93.738133673,91.012158454,18.9,47.1,,,29.1
"Stephenson, Tyler",663886,2022,25,166,183,53,38,9,0,6,47,12,25.7,6.6,0.319,0.482,0.372,0.854,0.37,0.318,46.3,6.6,34.7,97.521469508,92.827161901,27,43.6,84,,26.6
"Marcano, Tucupita",672779,2022,22,160,177,33,23,6,2,2,44,10,24.9,5.6,0.206,0.306,0.256,0.562,0.249,0.21,30.3,1.6,17.2,94.100557069,91.080698696,20.6,46.1,,-1,28.8
"Schoop, Jonathan",570731,2022,30,481,510,97,62,23,1,11,107,19,21,3.7,0.202,0.322,0.239,0.561,0.245,0.268,29.1,4.8,38.6,99.967628556,93.993791257,28.2,55.5,,,27
"Hiura, Keston",669374,2022,25,234,266,53,30,8,1,14,111,23,41.7,8.6,0.226,0.449,0.316,0.765,0.334,0.317,41.1,15.3,45.2,103.00306629,95.913755285,40.1,49,,,27.5
"Schwarber, Kyle",656941,2022,29,577,669,126,56,21,3,46,200,86,29.9,12.9,0.218,0.504,0.323,0.827,0.355,0.375,35.4,20.1,54.4,104.793857287,97.247555372,29,40.6,,-13,26.4
"Tsutsugo, Yoshi",660294,2022,30,170,193,29,23,4,0,2,50,19,25.9,9.8,0.171,0.229,0.249,0.478,0.221,0.254,32.3,5.6,36.3,98.366657419,93.35715629,21.9,44,,,26.1
"Ward, Taylor",621493,2022,28,495,564,139,92,22,2,23,120,60,21.3,10.6,0.281,0.473,0.36,0.833,0.362,0.361,41.8,12.4,42.9,100.184571947,94.439550026,22.2,41.4,,1,28.4
"Olivares, Edward",658668,2022,26,161,174,46,34,8,0,4,36,10,20.7,5.7,0.286,0.41,0.333,0.743,0.326,0.339,34.9,6.3,38.9,99.966220794,94.23725184,24.9,51.2,,-4,28.6
"Haggerty, Sam",664059,2022,28,176,201,45,30,9,1,5,53,18,26.4,9,0.256,0.403,0.335,0.738,0.32,0.285,32.5,4,24.6,96.38917,92.207266333,27.9,49.3,,4,28.9
"Sosa, Edmundo",624641,2022,26,176,190,40,23,11,4,2,50,5,26.3,2.6,0.227,0.369,0.275,0.644,0.282,0.282,34.4,5.5,29.7,97.432853438,92.759540157,31.4,57.1,,,29.4
"Hayes, Ke'Bryan",663647,2022,25,505,560,123,89,24,3,7,122,48,21.8,8.6,0.244,0.345,0.314,0.659,0.294,0.3,30.6,3.9,46.8,102.263213822,95.477046745,20.7,43.3,,,27.9
"McCann, James",543510,2022,32,174,191,34,25,6,0,3,46,11,24.1,5.8,0.195,0.282,0.257,0.539,0.243,0.309,33.8,6.9,40.8,100.237659692,94.399973876,28.3,51.6,80.7,,26.1
"Chirinos, Robinson",455139,2022,38,195,220,35,22,9,0,4,67,19,30.5,8.6,0.179,0.287,0.265,0.552,0.251,0.245,30.8,6.9,33.1,97.472003281,92.774084488,33.3,50.3,78.9,,23.7
"Iglesias, Jose",578428,2022,32,439,467,128,95,30,0,3,56,17,12,3.6,0.292,0.38,0.328,0.708,0.312,0.281,30.6,0.5,27.7,95.592199372,91.820181257,13.2,51.9,,,28.4
"Alberto, Hanser",593643,2022,29,156,159,38,25,9,2,2,25,3,15.7,1.9,0.244,0.365,0.258,0.623,0.27,0.234,30.5,1.5,18.3,93.791635156,91.008477165,25.5,61.6,,,25.9
"Turner, Justin",457759,2022,37,468,532,130,81,36,0,13,89,50,16.7,9.4,0.278,0.438,0.35,0.788,0.343,0.339,40.6,8,40.6,99.002545648,93.736858523,20.3,48.2,,,25
"Bride, Jonah",681146,2022,26,162,187,33,28,4,0,1,32,19,17.1,10.2,0.204,0.247,0.301,0.548,0.257,0.282,31.8,1.5,31.1,96.774698182,92.509176031,17.1,35.9,,,26.9
"DeJong, Paul",657557,2022,28,210,237,33,18,9,0,6,79,21,33.3,8.9,0.157,0.286,0.245,0.531,0.241,0.267,25.6,9.8,37.6,99.542111493,93.858530902,35.2,48.8,,,27.7
"Mancini III, Trey",641820,2022,30,519,587,124,82,23,1,18,135,53,23,9,0.239,0.391,0.319,0.71,0.312,0.327,39.6,9.8,40.4,100.078586134,94.256654381,27.4,48.1,,-2,25.6
"Realmuto, J.T.",592663,2022,31,504,562,139,86,26,5,22,119,41,21.2,7.3,0.276,0.478,0.342,0.82,0.354,0.351,35.6,11.3,47.2,101.252893641,95.157569177,25.7,49,87.6,,28.7
"Benintendi, Andrew",643217,2022,27,461,521,140,109,23,3,5,77,52,14.8,10,0.304,0.399,0.373,0.772,0.342,0.334,39.2,5.1,38.7,98.21078057,93.391636347,20.7,48.2,,0,27.6
"Bryant, Kris",592178,2022,30,160,181,49,32,12,0,5,27,17,14.9,9.4,0.306,0.475,0.376,0.851,0.37,0.344,31.9,6.7,29.6,96.85815,92.461882963,21.5,47.4,,-2,27.3
"Peña, Jeremy",665161,2022,24,521,558,132,88,20,2,22,135,22,24.2,3.9,0.253,0.426,0.289,0.715,0.309,0.304,32.9,9.7,36.7,99.803563646,93.99255276,29.7,55.2,,,29.4
"Baddoo, Akil",668731,2022,23,201,225,41,34,3,2,2,64,24,28.4,10.7,0.204,0.269,0.289,0.558,0.256,0.253,29.9,3.6,27,96.42330597,92.211959254,28.1,47.1,,-1,28.9
"Plawecki, Kevin",608700,2022,31,168,186,37,28,8,0,1,32,14,17.2,7.5,0.22,0.286,0.286,0.572,0.259,0.268,28.3,0,37.7,99.158922794,93.839090221,19.9,46.7,75.9,,24.8
"Bleday, JJ",668709,2022,24,204,238,34,17,10,2,5,67,30,28.2,12.6,0.167,0.309,0.277,0.586,0.266,0.28,37.4,8.6,33.8,97.363228429,92.749834317,27.9,46.7,,-3,27.7
"Clement, Ernie",676391,2022,26,163,179,30,26,4,0,0,26,11,14.5,6.1,0.184,0.209,0.243,0.452,0.209,0.277,27.1,3.6,25.7,94.798252206,91.426475368,16,49.6,,,28.2
"Drury, Brandon",592273,2022,29,518,568,136,75,31,2,28,126,38,22.2,6.7,0.263,0.492,0.32,0.812,0.35,0.316,34.8,10.4,42.2,100.586892132,94.438998321,21.5,45.9,,,27
"LeMahieu, DJ",518934,2022,33,467,541,122,92,18,0,12,71,67,13.1,12.4,0.261,0.377,0.357,0.734,0.329,0.344,32.8,5.3,41.1,99.499628485,94.048075494,15.7,39.5,,,26.4
"Judge, Aaron",592450,2022,30,570,696,177,87,28,0,62,175,111,25.1,15.9,0.311,0.686,0.425,1.111,0.458,0.463,39,26.5,61.8,107.110072714,99.053359221,29.8,42.7,,3,27.3
"Villar, Jonathan",542340,2022,31,202,220,42,31,6,2,3,59,15,26.8,6.8,0.208,0.302,0.26,0.562,0.25,0.247,24.7,2.7,40.4,100.671592429,94.551199137,34.9,51,,,26.8
"Reynolds, Bryan",668804,2022,27,542,614,142,92,19,4,27,141,56,23,9.1,0.262,0.461,0.345,0.806,0.349,0.329,35.5,7.9,42.9,100.882578564,94.722792556,27.7,50.4,,-7,28.2
"Bart, Joey",663698,2022,25,261,291,56,39,6,0,11,112,26,38.5,8.9,0.215,0.364,0.296,0.66,0.294,0.296,32.2,10.1,43,101.289725342,94.721199726,38,47.2,82.4,,27.2
"Chisholm Jr., Jazz",665862,2022,24,213,241,54,26,10,4,14,66,21,27.4,8.7,0.254,0.535,0.325,0.86,0.365,0.345,37.3,16.7,46.7,100.669336216,94.818931905,32.1,47.2,,,29.3
"Jeffers, Ryan",680777,2022,25,212,236,44,26,10,1,7,62,23,26.3,9.7,0.208,0.363,0.285,0.648,0.287,0.315,35.8,13.2,42.4,101.152073919,94.809587415,22.6,46.2,82.4,,26.1
"Mountcastle, Ryan",663624,2022,25,555,609,139,88,28,1,22,154,43,25.3,7.1,0.25,0.423,0.305,0.728,0.316,0.362,39.5,15,46.3,101.941494208,95.335163391,29.8,56.2,,,27.5
"La Stella, Tommy",600303,2022,33,180,195,43,27,14,0,2,30,11,15.4,5.6,0.239,0.35,0.282,0.632,0.277,0.267,37.3,2,32,97.045650909,92.615035294,16.7,40.7,,,24.9
"Miller, Brad",543543,2022,32,222,241,47,37,3,0,7,70,18,29,7.5,0.212,0.32,0.27,0.59,0.263,0.269,27.5,7.8,39.9,100.033437368,94.372039868,36.3,50.7,,-4,27.1
"Báez, Javier",595879,2022,29,555,590,132,84,27,4,17,147,26,24.9,4.4,0.238,0.393,0.278,0.671,0.291,0.281,29.7,8,38,99.689131182,93.890376232,35.8,55.8,,,27.9
"Rojas, Miguel",500743,2022,33,471,507,111,84,19,2,6,61,26,12,5.1,0.236,0.323,0.283,0.606,0.268,0.293,33.1,1.9,27.1,96.249960631,92.126001845,15.5,47.9,,,26.4
"Azocar, José",640492,2022,26,202,216,52,40,9,3,0,44,12,20.4,5.6,0.257,0.332,0.298,0.63,0.278,0.272,31.3,2.5,30.6,97.407050789,92.782399276,24.1,55.7,,8,29.4
"Smith, Will",669257,2022,27,508,578,132,79,26,3,24,96,56,16.6,9.7,0.26,0.465,0.343,0.808,0.349,0.349,36.8,10.3,43,99.764565096,94.188464255,19.3,42.6,83.6,,27.5
"Kirk, Alejandro",672386,2022,23,470,541,134,101,19,0,14,58,63,10.7,11.6,0.285,0.415,0.372,0.787,0.347,0.351,32,6.7,45.4,101.053304663,94.989537614,15.4,41,80.3,,24.2
"Adell, Jo",666176,2022,23,268,285,60,38,12,2,8,107,11,37.5,3.9,0.224,0.373,0.264,0.637,0.278,0.248,33.3,9.9,37.7,99.589186914,93.836446584,36.2,51.9,,-3,29.7
"Cron, C.J.",543068,2022,32,575,632,148,88,28,3,29,164,43,25.9,6.8,0.257,0.468,0.315,0.783,0.335,0.32,36.8,10.8,42.3,101.410198894,94.867484771,24.3,47.7,,,25.2
"Haniger, Mitch",571745,2022,31,224,247,55,36,8,0,11,65,20,26.3,8.1,0.246,0.429,0.308,0.737,0.319,0.326,31.1,11.8,47.2,101.996690741,95.72188441,29.6,45.5,,2,26.9
"Alfaro, Jorge",595751,2022,29,256,274,63,42,14,0,7,98,11,35.8,4,0.246,0.383,0.285,0.668,0.291,0.295,38.5,11.2,38.5,102.020939625,95.196380755,38,62.6,88.2,,28.7
"Fraley, Jake",641584,2022,27,216,247,56,35,9,0,12,54,26,21.9,10.5,0.259,0.468,0.344,0.812,0.352,0.333,33.5,7.3,27.6,96.829050864,92.417868519,24.1,45.9,,-2,27.9
"Springer III, George",543807,2022,32,513,583,137,86,22,4,25,100,54,17.2,9.3,0.267,0.472,0.342,0.814,0.352,0.342,31.8,8.4,42.3,101.320507081,94.768491799,28.2,50.9,,2,28.3
"Vaughn, Andrew",683734,2022,24,510,555,138,92,28,1,17,96,31,17.3,5.6,0.271,0.429,0.321,0.75,0.327,0.319,34.1,7.9,48.6,101.162950291,95.12858284,21,47,,-17,26.2
"Kiner-Falefa, Isiah",643396,2022,27,483,531,126,102,20,0,4,72,35,13.6,6.6,0.261,0.327,0.314,0.641,0.285,0.29,29.6,1.2,30.1,96.614692718,92.355143236,11.2,44.7,,,28.4
"Goldschmidt, Paul",502671,2022,34,561,651,178,102,41,0,35,141,79,21.7,12.1,0.317,0.578,0.404,0.982,0.419,0.367,31.8,11.6,47.4,102.244608246,95.440152299,26.8,41.7,,,26.3
"Almora Jr., Albert",546991,2022,28,215,235,48,32,10,1,5,46,17,19.6,7.2,0.223,0.349,0.282,0.631,0.279,0.27,29.8,1.8,25.4,95.828660964,91.938692242,23.6,51.5,,6,27.6
"Meneses, Joey",608841,2022,30,222,240,72,45,14,0,13,52,15,21.7,6.3,0.324,0.563,0.367,0.93,0.395,0.332,39,9.9,47.1,101.552249535,95.227615673,23.3,48.4,,-2,25.8
"García, Adolis",666969,2022,29,605,657,151,85,34,5,27,183,40,27.9,6.1,0.25,0.456,0.3,0.756,0.324,0.322,36.9,12.9,47.4,102.368780141,95.786867388,33.5,53.5,,1,27.9
"Happ, Ian",664023,2022,27,573,641,155,94,42,2,17,149,58,23.2,9,0.271,0.44,0.342,0.782,0.339,0.306,29.2,6.5,40.4,100.312408396,94.405566288,27.2,49,,2,27.9
"Pache, Cristian",665506,2022,23,241,260,40,30,5,2,3,70,15,26.9,5.8,0.166,0.241,0.218,0.459,0.207,0.259,25.3,3.4,40.8,100.207713059,94.45821355,30.2,50.5,,7,28.5
"Soto, Juan",665742,2022,23,524,664,127,73,25,2,27,96,135,14.5,20.3,0.242,0.452,0.401,0.853,0.376,0.401,28.5,12.4,47.4,102.236934112,95.653888852,19.2,35.5,,-16,26.6
"Biggio, Cavan",624415,2022,27,257,303,52,27,18,1,6,85,38,28.1,12.5,0.202,0.35,0.318,0.668,0.302,0.288,36.2,6.9,32.8,97.288596395,92.82033538,25.9,40.3,,1,28.5
"Rodgers, Brendan",663898,2022,25,527,581,140,94,30,3,13,101,46,17.4,7.9,0.266,0.408,0.325,0.733,0.321,0.326,31.3,7.2,45.9,101.127645047,94.882864603,22.7,49.4,,,26.7
"Arozarena, Randy",668227,2022,27,586,645,154,90,41,3,20,156,46,24.2,7.1,0.263,0.445,0.327,0.772,0.336,0.301,28.2,7.9,41,101.17822,94.772195116,28.6,46.1,,0,28.8
"Farmer, Kyle",571657,2022,31,526,583,134,94,25,1,14,99,33,17,5.7,0.255,0.386,0.315,0.701,0.309,0.311,37.7,4.4,33.8,97.050252093,92.534027326,19.2,50.3,,,26.7
"Gregorius, Didi",544369,2022,32,214,232,45,31,9,4,1,36,13,15.5,5.6,0.21,0.304,0.263,0.567,0.251,0.275,33.3,2.8,22.8,94.452718539,91.340268249,24,60.5,,,27.3
"Gorman, Nolan",669357,2022,22,283,313,64,37,13,0,14,103,28,32.9,8.9,0.226,0.42,0.3,0.72,0.316,0.341,46.7,14.4,43.3,100.703871333,94.563796111,34.5,51.1,,,27
"Castro, Rodolfo",666801,2022,23,253,277,59,36,8,4,11,74,22,26.7,7.9,0.233,0.427,0.296,0.723,0.314,0.28,25.6,6.7,35,99.31755,93.717343409,32.6,47.5,,,27.4
"Kemp, Tony",643393,2022,30,497,558,117,84,24,2,7,69,45,12.4,8.1,0.235,0.334,0.307,0.641,0.287,0.267,33.9,1.6,14.9,93.050155144,90.545713639,13.1,48.9,,-2,26.3
"Smith, Pavin",656976,2022,26,245,277,54,36,9,0,9,67,28,24.2,10.1,0.22,0.367,0.3,0.667,0.294,0.304,28.7,9.9,35.9,98.397917802,93.251592099,21.7,39.5,,-1,26.6
"Madrigal, Nick",663611,2022,25,209,228,52,45,7,0,0,27,14,11.8,6.1,0.249,0.282,0.305,0.587,0.267,0.283,26.6,0,24.6,94.969870795,91.48588483,10.3,44.5,,,27.4
"Isbel, Kyle",664728,2022,25,256,278,54,35,10,4,5,75,16,27,5.8,0.211,0.34,0.264,0.604,0.265,0.266,30.4,4.9,44.6,100.466422667,94.564799889,21.9,46.3,,11,28
"Altuve, Jose",514888,2022,32,527,604,158,91,39,0,28,87,66,14.4,10.9,0.3,0.533,0.387,0.92,0.397,0.354,35.4,7.7,29.7,97.300246419,92.671072541,16.2,44.3,,,28.1
"Longoria, Evan",446334,2022,36,266,298,65,38,13,0,14,83,27,27.9,9.1,0.244,0.451,0.315,0.766,0.33,0.324,33.3,12.4,46.8,101.592486559,95.291511667,29.4,44.4,,,25.4
"Andrus, Elvis",462101,2022,33,535,577,133,84,32,0,17,92,39,15.9,6.8,0.249,0.404,0.303,0.707,0.31,0.293,29.1,4.5,34.8,98.336003699,93.236647643,21.4,45.6,,,26.1
"Duvall, Adam",594807,2022,33,287,315,61,32,16,1,12,101,21,32.1,6.7,0.213,0.401,0.276,0.677,0.295,0.293,36.2,12.8,41,100.566076596,94.3357175,29.2,50.5,,5,28
"Crawford, J.P.",641487,2022,27,518,603,126,93,24,3,6,80,68,13.3,11.3,0.243,0.336,0.339,0.675,0.306,0.315,32.4,2,29.7,96.663647706,92.35483867,14.3,41.3,,,26.9
"Slater, Austin",596103,2022,29,277,325,73,49,15,2,7,89,40,27.4,12.3,0.264,0.408,0.366,0.774,0.344,0.351,43.2,10.5,39.5,99.908713548,94.170847514,31.2,45.2,,2,28.2
"Lowe, Nathaniel",663993,2022,26,593,645,179,123,26,3,27,147,48,22.8,7.4,0.302,0.492,0.358,0.85,0.368,0.344,34.1,9.9,44.8,101.963916216,95.317229707,24.9,52.2,,,27.1
"Neuse, Sheldon",641914,2022,27,271,293,58,48,4,2,4,80,20,27.3,6.8,0.214,0.288,0.273,0.561,0.253,0.254,23,3.1,38.2,98.983222447,93.674738289,27.2,50.7,,,26.4
"Castillo, Diego A.",660636,2022,24,262,283,54,30,13,0,11,75,14,26.5,4.9,0.206,0.382,0.251,0.633,0.272,0.292,37.7,9.9,38.7,98.736440729,93.490571675,26.7,43.7,,0,27.3
"Machado, Manny",592518,2022,29,578,644,172,102,37,1,32,133,63,20.7,9.8,0.298,0.531,0.366,0.897,0.382,0.338,36.7,9.8,49,102.622706786,95.790495526,24.9,50.8,,,26.4
"Hernández, César",514917,2022,32,560,617,139,106,28,4,1,114,45,18.5,7.3,0.248,0.318,0.311,0.629,0.283,0.29,33.3,2.4,29.7,96.449267051,92.257329931,20.4,47.5,,1,28.3
"Tucker, Kyle",663656,2022,25,544,609,140,81,28,1,30,95,59,15.6,9.7,0.257,0.478,0.33,0.808,0.348,0.353,34.4,10.2,42.4,100.332560357,94.468288036,19.9,52.7,,5,26.7
"Davis, J.D.",605204,2022,29,318,365,79,50,16,1,12,122,39,33.4,10.7,0.248,0.418,0.34,0.758,0.333,0.351,34.8,16.2,56.1,103.966730202,96.76614,37.4,51.3,,,26.5
"Bell, Josh",605137,2022,29,552,647,147,98,29,3,17,102,81,15.8,12.5,0.266,0.422,0.362,0.784,0.344,0.349,30.7,7.2,40.8,100.551357456,94.511584791,21.7,45.3,,,26.2
"Santander, Anthony",623993,2022,27,574,647,138,81,24,0,33,122,55,18.9,8.5,0.24,0.455,0.318,0.773,0.336,0.352,33.5,11.6,43.3,101.330998114,94.979132939,21.5,47.7,,-5,26.6
"Walker, Christian",572233,2022,31,583,667,141,78,25,2,36,131,69,19.6,10.3,0.242,0.477,0.327,0.804,0.346,0.359,33.3,11.5,44,101.466371179,95.00141326,24.6,44.7,,,26.6
"Cruz, Oneil",665833,2022,23,331,361,77,43,13,4,17,126,28,34.9,7.8,0.233,0.45,0.294,0.744,0.32,0.301,30.6,15.5,46.1,104.662067282,96.683239073,35.4,40.5,,,29.9
"Narváez, Omar",553882,2022,30,262,296,54,37,12,1,4,57,29,19.3,9.8,0.206,0.305,0.292,0.597,0.269,0.268,36.7,2.4,18.4,94.078356176,91.054216305,23.4,50,79,,24.3
"Cronenworth, Jake",630105,2022,28,587,684,140,89,30,4,17,131,70,19.2,10.2,0.239,0.39,0.332,0.722,0.318,0.303,32.3,5.6,34.1,97.917362826,93.091918039,18,41.8,,,28.2
"Brantley Jr., Michael",488726,2022,35,243,277,70,50,14,1,5,30,31,10.8,11.2,0.288,0.416,0.37,0.786,0.345,0.374,39.5,6,45.1,99.739801321,94.323002844,12.7,41.5,,-1,25.4
"Naquin, Tyler",571980,2022,31,310,334,71,37,19,4,11,93,19,27.8,5.7,0.229,0.423,0.282,0.705,0.303,0.317,39.9,9.6,40.8,100.892608302,94.925001896,30.5,58,,-1,27.8
"Solano, Donovan",456781,2022,34,278,304,79,59,16,0,4,61,19,20.1,6.3,0.284,0.385,0.339,0.724,0.319,0.315,36.1,5.9,41.2,98.956029815,93.601690602,20.9,49.5,,,25.9
"Sánchez, Jesús",660821,2022,24,313,343,67,37,14,3,13,92,26,26.8,7.6,0.214,0.403,0.28,0.683,0.298,0.295,25.7,9.9,40.5,101.710457117,95.181364706,29.6,47.8,,-2,27.3
"Profar, Jurickson",595777,2022,29,575,658,140,87,36,2,15,103,73,15.7,11.1,0.243,0.391,0.331,0.722,0.32,0.315,34.7,4,34.3,97.859468559,92.98708518,18.7,43.6,,-6,26.6
"Molina, Yadier",425877,2022,39,262,270,56,43,8,0,5,40,5,14.8,1.9,0.214,0.302,0.233,0.535,0.235,0.254,34.1,3.1,26,95.0195225,91.560423363,22,58.6,79.9,,21.8
"Nootbaar, Lars",663457,2022,24,290,347,66,33,16,3,14,71,51,20.5,14.7,0.228,0.448,0.34,0.788,0.342,0.346,30.4,12.1,46,101.790400273,95.340542192,23.5,39.2,,1,28.2
"Jiménez, Eloy",650391,2022,25,292,327,86,58,12,0,16,72,28,22,8.6,0.295,0.5,0.358,0.858,0.37,0.365,31.7,14.7,54.9,103.54562625,96.686543438,30.3,49.8,,-2,25.7
"Votto, Joey",458015,2022,38,322,376,66,36,18,1,11,97,44,25.8,11.7,0.205,0.37,0.319,0.689,0.31,0.322,32.9,11.1,41.3,100.424827857,94.43276435,29.6,46.5,,,25.3
"Buxton, Byron",621439,2022,28,340,382,76,32,13,3,28,116,34,30.4,8.9,0.224,0.526,0.306,0.832,0.356,0.358,34.2,16.4,50.2,103.777473894,96.593327289,34.1,46.8,,8,29.1
"Mejía, Francisco",642336,2022,26,289,299,70,42,22,0,6,65,7,21.7,2.3,0.242,0.381,0.264,0.645,0.279,0.262,39.1,2.7,28,96.324122655,92.181366356,23.4,61.2,86.9,,26.9
"Bregman, Alex",608324,2022,28,548,656,142,81,38,0,23,77,87,11.7,13.3,0.259,0.454,0.366,0.82,0.358,0.35,36.2,7.3,37.8,98.378645333,93.364139021,14.9,40.3,,,26.6
"Pasquantino, Vinnie",686469,2022,24,258,298,76,56,10,0,10,34,35,11.4,11.7,0.295,0.45,0.383,0.833,0.365,0.374,34.1,8.8,46.9,101.197336607,95.08140192,15.3,46,,,25.6
"Contreras, William",661388,2022,24,334,376,93,58,14,1,20,104,39,27.7,10.4,0.278,0.506,0.354,0.86,0.37,0.347,31.9,13.4,46.6,102.334962328,95.58762026,34.3,44.6,81.9,,27
"Bader, Harrison",664056,2022,28,292,313,73,55,10,3,5,62,15,19.8,4.8,0.25,0.356,0.294,0.65,0.286,0.267,28.4,3.4,26.3,96.180596034,92.143730991,22.1,48,,7,29.1
"Hernandez, Yadiel",628450,2022,34,305,327,82,57,16,0,9,74,19,22.6,5.8,0.269,0.41,0.312,0.722,0.315,0.313,35.6,8.6,42.1,98.936412348,93.716495522,29.5,51.5,,-5,25.6
"Arenado, Nolan",571448,2022,31,557,620,163,90,42,1,30,72,52,11.6,8.4,0.293,0.533,0.358,0.891,0.381,0.339,35.4,8.2,38.9,99.558566721,93.952810862,19.1,48.4,,,25.5
"Maldonado, Martín",455117,2022,35,344,379,64,37,12,0,15,116,22,30.6,5.8,0.186,0.352,0.248,0.6,0.264,0.253,31.6,8.1,40.2,98.987733509,93.59831443,32.2,49.9,86,,22.6
"Garcia, Leury",544725,2022,31,300,315,63,52,8,0,3,65,7,20.6,2.2,0.21,0.267,0.233,0.5,0.221,0.258,30,4.2,35.6,97.781782479,92.939701197,24.4,56.4,,2,28.4
"Dickerson, Corey",572816,2022,33,281,297,75,51,17,1,6,48,12,16.2,4,0.267,0.399,0.3,0.699,0.303,0.293,32.8,3.8,32.8,97.888667863,93.019717253,22.8,58.4,,1,27
"Choi, Ji Man",596847,2022,31,356,419,83,50,22,0,11,123,58,29.4,13.8,0.233,0.388,0.341,0.729,0.322,0.337,37.3,11.9,47.5,101.295507712,95.335577574,32.3,41.7,,,25.1
"Seager, Corey",608369,2022,28,593,663,145,87,24,1,33,103,58,15.5,8.7,0.245,0.455,0.317,0.772,0.331,0.372,38.4,10.5,45.5,101.598305628,95.219542252,26.5,54.5,,,26.2
"Allen, Nick",669397,2022,23,299,326,62,45,13,0,4,64,19,19.6,5.8,0.207,0.291,0.256,0.547,0.245,0.238,26,1.2,22.3,94.329041897,91.214480087,22.7,53,,,27.7
"Reyes, Victor",622682,2022,27,315,336,80,55,19,3,3,77,13,22.9,3.9,0.254,0.362,0.289,0.651,0.284,0.292,35.5,5,36.8,98.899174333,93.571189707,27.1,56,,-2,27.6
"Bichette, Bo",666182,2022,24,652,697,189,121,43,1,24,155,41,22.2,5.9,0.29,0.469,0.333,0.802,0.347,0.334,33.3,9.6,50.3,102.743171296,96.003278846,23,55.9,,,27.5
"Pinder, Chad",640461,2022,30,361,379,85,55,18,0,12,118,14,31.1,3.7,0.235,0.385,0.263,0.648,0.281,0.28,33.3,6.5,40.7,100.06829876,94.061727355,34.5,52.9,,-4,25.9
"Lindor, Francisco",596019,2022,28,630,706,170,114,25,5,26,133,59,18.8,8.4,0.27,0.449,0.339,0.788,0.342,0.331,29.2,8.3,41.3,99.740565418,94.14308743,22.9,47.8,,,27.6
"Arraez, Luis",650333,2022,25,547,603,173,133,31,1,8,43,50,7.1,8.3,0.316,0.42,0.375,0.795,0.35,0.333,38.7,3.6,30.2,96.195004348,92.276757036,7.1,42.9,,,26.9
"Guillorme, Luis",641645,2022,27,297,335,81,66,12,1,2,46,34,13.7,10.1,0.273,0.34,0.351,0.691,0.311,0.302,35.6,2.4,24.9,95.53920878,91.784068496,13.3,40.6,,,25.9
"McCormick, Chas",676801,2022,27,359,407,88,60,12,2,14,106,46,26,11.3,0.245,0.407,0.332,0.739,0.326,0.325,33.5,10.2,39,98.903106371,93.652024395,32.2,48.4,,7,28.6
"Calhoun, Kole",594777,2022,34,388,424,76,49,14,1,12,136,27,32.1,6.4,0.196,0.33,0.257,0.587,0.26,0.294,40.4,9.8,48.2,100.862031797,94.921499922,36.3,53.1,,-1,25.4
"Verdugo, Alex",657077,2022,26,593,644,166,115,39,1,11,86,42,13.4,6.5,0.28,0.405,0.328,0.733,0.319,0.329,37.8,6,38.2,99.112574241,93.706486823,15.5,45.3,,-5,26.8
"Greene, Riley",682985,2022,21,376,418,95,68,18,4,5,120,36,28.7,8.6,0.253,0.362,0.321,0.683,0.303,0.316,32,9.3,45.2,102.14516814,95.266459961,25.6,45.3,,1,27.7
"Vierling, Matt",663837,2022,25,325,357,80,60,12,2,6,70,23,19.6,6.4,0.246,0.351,0.297,0.648,0.285,0.324,35.2,5,47.1,101.211212846,94.995167231,19.5,44.6,,-1,29.5
"Stanton, Giancarlo",519317,2022,32,398,452,84,46,7,0,31,137,50,30.3,11.1,0.211,0.462,0.297,0.759,0.327,0.35,26.9,19.3,52.3,107.816149318,98.594697985,36.5,43.1,,-2,24.5
"Bradley Jr., Jackie",598265,2022,32,344,370,70,42,23,1,4,77,24,20.8,6.5,0.203,0.311,0.255,0.566,0.252,0.268,29.4,4.8,37.2,98.071881353,93.116593208,29.4,49.7,,7,27.1
"Berti, Jon",542932,2022,32,358,404,86,62,17,3,4,89,42,22,10.4,0.24,0.338,0.324,0.662,0.298,0.306,30.7,5.9,37,98.782159778,93.452015688,24.5,44.5,,0,29.5
"Guerrero Jr., Vladimir",665489,2022,23,638,706,175,108,35,0,32,116,58,16.4,8.2,0.274,0.48,0.339,0.819,0.351,0.351,27.9,11.2,50.4,105.507038582,97.328619789,24.4,49.7,,,26.7
"Marsh, Brandon",669016,2022,24,424,461,104,71,18,4,11,158,28,34.3,6.1,0.245,0.384,0.295,0.679,0.296,0.287,40.8,7.4,38.2,99.629003534,94.108601774,29.1,47.9,,7,28.8
"Ramírez, José",608070,2022,29,601,685,168,90,44,5,29,82,69,12,10.1,0.28,0.514,0.355,0.869,0.363,0.32,33.7,6.6,36.9,98.871944811,93.503434175,15.1,46.3,,,28.5
"Trevino, Jose",624431,2022,29,335,353,83,59,12,1,11,62,15,17.6,4.2,0.248,0.388,0.283,0.671,0.293,0.281,31,5.1,35,98.396823259,93.244987844,21.1,50,77.8,,25.1
"Gamel, Ben",592325,2022,30,371,423,86,55,20,2,9,98,48,23.2,11.3,0.232,0.369,0.324,0.693,0.308,0.316,38,6.2,37.6,99.298905,93.815298881,23.8,43.1,,-6,27.9
"Rosario, Amed",642708,2022,26,637,670,180,134,26,9,11,111,25,16.6,3.7,0.283,0.403,0.312,0.715,0.311,0.31,31.1,4.5,38.3,99.690201132,93.991990529,21,53.1,,,29.4
"Pederson, Joc",592626,2022,30,380,433,104,59,19,3,23,100,42,23.1,9.7,0.274,0.521,0.353,0.874,0.373,0.367,34.2,15.1,52.1,103.347393857,96.58467276,24.4,46.1,,-11,26
"Reyes, Franmil",614177,2022,26,438,473,97,64,17,2,14,157,30,33.2,6.3,0.221,0.365,0.273,0.638,0.28,0.275,27.8,11.3,45.8,102.075082606,95.415814488,37.1,47.8,,-1,26
"Mondesi, Adalberto",609275,2022,26,50,54,7,7,0,0,0,20,4,37,7.4,0.14,0.14,0.204,0.344,0.166,0.211,16.7,3.3,26.7,97.560296923,92.799797692,43.1,50.7,,,27.8
"Grossman, Robbie",543257,2022,32,411,477,86,59,19,1,7,129,56,27,11.7,0.209,0.311,0.31,0.621,0.283,0.281,38.5,3.5,30.4,96.176090559,92.129787754,23.9,40.9,,0,27.9
"Arias, Gabriel",672356,2022,22,47,57,9,6,1,1,1,16,8,28.1,14,0.191,0.319,0.321,0.64,0.294,0.29,18.8,6.3,34.4,100.516843333,94.398779,36.1,42,,,28
"Duggar, Steven",621453,2022,28,72,80,11,7,3,1,0,41,7,51.2,8.8,0.153,0.222,0.225,0.447,0.205,0.214,34.4,6.3,46.9,101.723999375,95.580566563,42.2,44.8,,-1,27.7
"Owings, Chris",572008,2022,30,56,68,6,4,2,0,0,24,10,35.3,14.7,0.107,0.143,0.254,0.397,0.204,0.238,24.2,3,15.2,93.847479375,91.246089355,38.4,42.9,,,27.8
"Gonzalez, Oscar",660757,2022,24,362,382,107,69,27,0,11,75,15,19.6,3.9,0.296,0.461,0.327,0.788,0.339,0.32,32.5,7.3,40.1,101.045260903,94.682138153,26.7,59.3,,-6,28.8
"Wisdom, Patrick",621550,2022,30,469,534,97,44,28,0,25,183,53,34.3,9.9,0.207,0.426,0.298,0.724,0.316,0.295,29.8,14.2,46.3,102.164032394,95.695873993,36.4,48.1,,-2,27.8
"Mitchell, Garrett",669003,2022,23,61,68,19,14,3,0,2,28,6,41.2,8.8,0.311,0.459,0.373,0.832,0.365,0.266,41.2,11.8,41.2,100.828725882,95.111031515,31.5,48.7,,1,30.1
"Harper, Bryce",547180,2022,29,370,426,106,59,28,1,18,87,46,20.4,10.8,0.286,0.514,0.364,0.878,0.369,0.38,37.2,12.8,47.9,102.954593636,96.099964685,28.2,56.2,,,27.6
"Suzuki, Seiya",673548,2022,27,397,446,104,66,22,2,14,110,42,24.7,9.4,0.262,0.433,0.336,0.769,0.334,0.326,36.9,11,41.3,100.244268881,94.350662098,22.8,39,,-4,28.3
"Barrera, Tres",668663,2022,27,50,53,9,8,1,0,0,16,2,30.2,3.8,0.18,0.2,0.212,0.412,0.187,0.187,31.4,0,14.3,91.985822941,90.149646176,24,53.6,76.7,,24.1
"Viloria, Meibrys",650619,2022,25,63,75,10,7,1,0,2,29,11,38.7,14.7,0.159,0.27,0.28,0.55,0.256,0.243,31.4,8.6,37.1,97.597577222,93.017521143,38.5,37.5,83.2,,25.6
"Hermosillo, Michael",641684,2022,27,61,73,7,5,2,0,0,27,7,37,9.6,0.115,0.148,0.25,0.398,0.203,0.259,37.1,8.6,31.4,97.961854118,92.983560882,44,50.7,,2,28.5
"Bemboom, Anthony",621532,2022,32,52,59,6,3,2,0,1,17,6,28.8,10.2,0.115,0.212,0.207,0.419,0.196,0.246,30.6,5.6,36.1,99.029268824,94.197804545,24.3,43.9,82.5,,26.9
"McKinney, Billy",641856,2022,27,52,57,5,3,1,0,1,16,4,28.1,7,0.096,0.173,0.158,0.331,0.144,0.2,29.7,5.4,21.6,94.801226111,91.441268889,27.8,42.2,,1,27
"Benson, Will",666181,2022,24,55,61,10,9,1,0,0,19,3,31.1,4.9,0.182,0.2,0.25,0.45,0.212,0.224,18.9,0,27,96.206221667,92.304290833,30.6,42.8,,-1,29.2
"Campusano, Luis",669134,2022,23,48,50,12,10,1,0,1,11,1,22,2,0.25,0.333,0.26,0.593,0.257,0.258,26.3,5.3,36.8,99.761276842,93.942856579,31.7,62.7,83.7,,26.1
"Castro, Jason",488771,2022,35,78,88,9,6,2,0,1,40,8,45.5,9.1,0.115,0.179,0.205,0.384,0.183,0.239,35.9,5.1,35.9,98.6215215,93.447724615,42.4,48,80.7,,26.3
"Hernández, Enrique",571771,2022,30,361,402,80,50,24,0,6,71,34,17.7,8.5,0.222,0.338,0.291,0.629,0.28,0.297,33.3,5.8,35,98.797690959,93.474506164,24.6,47.7,,4,26.9
"Stevenson, Cal",670276,2022,25,60,71,10,7,3,0,0,23,8,32.4,11.3,0.167,0.217,0.261,0.478,0.224,0.277,32.5,5,32.5,97.164706842,92.732142895,26.3,38.8,,2,27.7
"Matijevic, J.J.",656695,2022,26,67,71,14,10,2,0,2,25,2,35.2,2.8,0.209,0.328,0.254,0.582,0.258,0.259,33.3,2.4,42.9,99.865977143,94.197589762,36.6,51.8,,,26.8
"Quinn, Roman",596451,2022,29,79,87,17,12,3,2,0,36,7,41.4,8,0.215,0.304,0.287,0.591,0.266,0.244,30.2,4.7,41.9,101.843556842,95.652174595,34.6,46.7,,1,29.5
"Franco, Maikel",596748,2022,29,371,388,85,61,15,0,9,75,12,19.3,3.1,0.229,0.342,0.255,0.597,0.261,0.272,33.1,4.7,34.4,98.818458378,93.432468176,28,53.6,,,25.5
"Senzel, Nick",669222,2022,27,373,420,86,68,13,0,5,76,30,18.1,7.1,0.231,0.306,0.296,0.602,0.272,0.299,35,3.3,33.9,97.72590723,92.94147061,21.8,47.7,,0,28.7
"Trout, Mike",545361,2022,30,438,499,124,54,28,2,40,139,54,27.9,10.8,0.283,0.63,0.369,0.999,0.418,0.395,37.7,19.7,51,104.135929733,96.5588815,30.2,43.4,,3,29.3
"Maton, Nick",665155,2022,25,72,85,18,10,2,1,5,29,10,34.1,11.8,0.25,0.514,0.341,0.855,0.364,0.306,37.8,6.7,31.1,96.703721364,92.378948864,35.4,48.8,,-2,26.7
"Wendle, Joey",621563,2022,32,347,371,90,62,24,1,3,50,15,13.5,4,0.259,0.36,0.297,0.657,0.289,0.276,27.9,1.7,36.2,98.002213624,93.083673569,16.7,53.2,,,27.3
"Cabrera, Miguel",408234,2022,39,397,433,101,86,10,0,5,101,28,23.3,6.5,0.254,0.317,0.305,0.622,0.275,0.275,35.2,4.7,38.2,99.360961867,93.99969786,27,50.2,,,23.1
"Palacios, Jermaine",650339,2022,25,70,77,10,8,0,0,2,27,4,35.1,5.2,0.143,0.229,0.184,0.413,0.184,0.237,34.8,6.5,39.1,98.38676913,93.33343,35,58.4,,,28.3
"León, Sandy",506702,2022,33,71,86,12,9,3,0,0,27,13,31.4,15.1,0.169,0.211,0.298,0.509,0.246,0.263,39.1,0,26.1,94.152679545,91.268422093,25.2,38,78.1,,23.7
"Muñoz, Yairo",622168,2022,27,57,60,12,7,2,0,3,10,3,16.7,5,0.211,0.404,0.25,0.654,0.283,0.263,14.9,4.3,36.2,97.975921667,93.119471277,25.2,59.1,,,28.5
"Robert Jr., Luis",673357,2022,24,380,401,108,78,18,0,12,77,17,19.2,4.2,0.284,0.426,0.319,0.745,0.324,0.327,32.6,8.9,42.8,101.454212895,94.809771678,27.1,61.5,,3,27.9
"Bouchard, Sean",656248,2022,26,74,97,22,13,6,0,3,25,21,25.8,21.6,0.297,0.5,0.454,0.954,0.417,0.36,44,2,40,100.2424568,94.5028188,27.8,37.8,,-1,28.1
"Rios, Edwin",621458,2022,28,86,92,21,13,1,0,7,36,5,39.1,5.4,0.244,0.5,0.293,0.793,0.338,0.312,46,14,40,99.4546952,93.782557,34.9,50.4,,,25.3
"Davis, Jonathan",641505,2022,30,76,91,17,16,1,0,0,26,14,28.6,15.4,0.224,0.237,0.344,0.581,0.278,0.284,33.3,0,21.6,95.4263956,91.7385968,25,41.5,,5,28.1
"Strange-Gordon, Dee",543829,2022,34,59,59,18,16,1,1,0,8,0,13.6,0,0.305,0.356,0.305,0.661,0.288,0.213,25.5,0,17.6,92.76007,90.491009184,16.4,59.2,,,28.4
"Astudillo, Willians",553902,2022,30,54,55,13,12,0,0,1,3,1,5.5,1.8,0.241,0.296,0.255,0.551,0.243,0.265,27.5,0,21.6,95.272520769,91.848511961,17.2,66,,,24.5
"Mathias, Mark",664029,2022,27,81,91,20,11,3,0,6,30,9,33,9.9,0.247,0.506,0.319,0.825,0.353,0.298,34.6,11.5,46.2,99.592462692,93.998095769,34.6,39.4,,,27.6
"Mayfield, Jack",608686,2022,31,70,74,13,10,1,1,1,17,3,23,4.1,0.186,0.271,0.23,0.501,0.224,0.221,24.5,1.9,24.5,93.707298519,91.084710943,24.4,48.2,,,27.3
"Joe, Connor",656582,2022,29,404,467,96,65,20,4,7,97,55,20.8,11.8,0.238,0.359,0.338,0.697,0.314,0.311,35.1,4.5,33.8,97.624297516,92.833330754,21.2,40.4,,-4,26.8
"Marisnick, Jake",545350,2022,31,77,82,18,10,6,0,2,24,4,29.3,4.9,0.234,0.39,0.272,0.662,0.283,0.27,33.3,7.4,42.6,101.038234583,94.796227234,30.7,57.6,,5,28.7
"Grisham, Trent",663757,2022,25,451,524,83,48,16,2,17,150,57,28.6,10.9,0.184,0.341,0.284,0.625,0.28,0.296,25.5,8.1,35.5,99.46593125,93.84436934,26.2,38.7,,17,28.8
"Taylor, Michael A.",572191,2022,31,414,456,105,83,10,3,9,109,35,23.9,7.7,0.254,0.357,0.313,0.67,0.297,0.289,33.5,6.8,32.9,98.005175695,93.019305249,29.1,51.5,,5,28.7
"Aranda, Jonathan",666018,2022,24,78,87,15,9,4,0,2,23,8,26.4,9.2,0.192,0.321,0.276,0.597,0.264,0.279,29.1,7.3,45.5,100.631155185,94.661134074,22.4,44,,,26
"Jones, Nolan",666134,2022,24,86,94,21,14,5,0,2,31,8,33,8.5,0.244,0.372,0.309,0.681,0.297,0.325,49.1,14.5,49.1,101.65603963,95.263844815,29.9,43.6,,0,28.1
"Waters, Drew",671221,2022,23,96,109,23,11,6,1,5,40,12,36.7,11,0.24,0.479,0.324,0.803,0.347,0.296,41.1,12.5,28.6,96.323792143,92.407147857,32.4,47.1,,-2,28.6
"Mercedes, Yermín",606213,2022,29,73,83,17,11,5,0,1,17,9,20.5,10.8,0.233,0.342,0.325,0.667,0.301,0.329,42.9,7.1,28.6,97.540917857,92.781276429,22.7,49.9,,,25.8
"Urías, Ramón",602104,2022,28,403,445,100,66,17,1,16,98,30,22,6.7,0.248,0.414,0.305,0.719,0.313,0.32,32.1,9.6,46.5,100.690244675,94.67897342,27.4,49.8,,,26.7
"Burdick, Peyton",680814,2022,25,92,102,19,11,4,0,4,35,8,34.3,7.8,0.207,0.38,0.284,0.664,0.294,0.296,35.1,10.5,38.6,100.275255357,94.431755179,33.6,52.6,,-2,28.2
"Crawford, Brandon",543063,2022,35,407,458,94,68,15,2,9,98,39,21.4,8.5,0.231,0.344,0.308,0.652,0.289,0.287,31,6.7,35.1,97.909462452,93.081156699,31.8,50.7,,,25.5
"Hill, Derek",656537,2022,26,83,92,19,16,2,0,1,28,5,30.4,5.4,0.229,0.289,0.27,0.559,0.249,0.23,33.9,3.4,30.5,97.503475769,92.844909216,30.8,50.9,,2,29.6
"Walton, Donovan",622268,2022,28,76,78,12,3,8,0,1,16,1,20.5,1.3,0.158,0.303,0.179,0.482,0.208,0.228,33.3,5,31.7,96.609348667,92.307646667,17.2,52.7,,,27.6
"Garcia, Dérmis",660650,2022,24,116,125,24,13,6,0,5,55,8,44,6.4,0.207,0.388,0.264,0.652,0.285,0.244,27.9,13.1,42.6,100.773491613,94.52853623,44.5,51.2,,,27.4
"Hosmer, Eric",543333,2022,32,380,419,102,75,19,0,8,64,37,15.3,8.8,0.268,0.382,0.334,0.716,0.313,0.311,29.3,5.7,39.7,101.224912803,94.690963706,18.8,49,,,25.8
"Kennedy, Buddy",671083,2022,23,83,94,18,13,2,2,1,23,8,24.5,8.5,0.217,0.325,0.287,0.612,0.271,0.255,38.7,1.6,32.3,96.315206452,92.208401452,21.5,41,,,29.4
"Harrison, Josh",543281,2022,34,386,425,99,71,19,2,7,71,21,16.7,4.9,0.256,0.37,0.317,0.687,0.305,0.284,32,3.8,32.3,96.783559748,92.431292303,21.5,54.7,,,27.1
"Daza, Yonathan",602074,2022,28,372,408,112,87,21,2,2,58,26,14.2,6.4,0.301,0.384,0.349,0.733,0.323,0.308,34.1,1.9,25,95.180250189,91.627182587,18.7,50.5,,-2,28.1
"Simmons, Andrelton",592743,2022,32,75,85,13,12,1,0,0,13,7,15.3,8.2,0.173,0.187,0.244,0.431,0.204,0.199,20,0,10.8,90.980371333,89.957394833,17.8,49,,,26.6
"Odor, Rougned",596059,2022,28,426,472,88,53,19,3,13,109,32,23.1,6.8,0.207,0.357,0.275,0.632,0.278,0.277,30.5,6.5,33.3,98.233676795,93.245734647,27.3,50.6,,,27.1
"Toglia, Michael",669911,2022,23,111,120,24,12,8,2,2,44,9,36.7,7.5,0.216,0.378,0.275,0.653,0.285,0.261,32.8,7.5,40.3,99.722920588,94.057525373,33.8,47.7,,-1,28.3
"Donovan, Brendan",680977,2022,25,391,468,110,83,21,1,5,70,60,15,12.8,0.281,0.379,0.394,0.773,0.349,0.339,32.7,3.4,37.7,98.14258882,93.299366978,15.6,38.1,,-4,27.2
"Steer, Spencer",668715,2022,24,95,108,20,13,5,0,2,26,11,24.1,10.2,0.211,0.326,0.306,0.632,0.287,0.281,30.4,5.8,31.9,96.403368857,92.284970435,21.2,41.8,,,27.4
"Zunino, Mike",572287,2022,31,115,123,17,9,3,0,5,46,6,37.4,4.9,0.148,0.304,0.195,0.499,0.219,0.252,34.3,8.6,41.4,101.818613429,95.463730286,40.2,51,75,,25.7
"Vosler, Jason",613564,2022,28,98,111,26,15,6,1,4,29,10,26.1,9,0.265,0.469,0.342,0.811,0.349,0.312,41.4,4.3,25.7,96.156387143,92.284307101,25.9,47,,,26.7
"Voit III, Luke",572228,2022,31,500,568,113,69,22,0,22,179,55,31.5,9.7,0.226,0.402,0.308,0.71,0.311,0.322,34.6,14.7,44.3,101.411871585,94.98573844,37.6,52,,,24.7
"Carpenter, Kerry",681481,2022,24,103,113,26,15,4,1,6,32,6,28.3,5.3,0.252,0.485,0.31,0.795,0.342,0.294,37.5,11.1,36.1,97.789840556,92.926224583,27.8,52.5,,-1,27.3
"Adrianza, Ehire",501303,2022,32,97,110,17,14,3,0,0,25,11,22.7,10,0.175,0.206,0.264,0.47,0.222,0.274,30.1,1.4,21.9,94.938734722,91.55813831,22.2,44.8,,,26.4
"Lux, Gavin",666158,2022,24,421,471,116,83,20,7,6,95,47,20.2,10,0.276,0.399,0.346,0.745,0.328,0.314,34,6.1,39.8,98.887037439,93.675126098,23.3,42.6,,-2,28.8
"Mendick, Danny",664901,2022,28,97,106,28,20,4,1,3,23,7,21.7,6.6,0.289,0.443,0.343,0.786,0.344,0.273,38.7,4,20,95.653647838,91.91142,25.3,42.2,,,26.1
"Garcia, Aramis",605244,2022,29,108,115,23,20,2,0,1,34,3,29.6,2.6,0.213,0.259,0.248,0.507,0.228,0.247,35.5,2.6,36.8,98.567163784,93.291404595,30.8,52.1,84.7,,26
"Peralta, David",444482,2022,34,439,490,110,65,30,3,12,114,41,23.3,8.4,0.251,0.415,0.316,0.731,0.315,0.313,35,8.5,44.4,101.233296566,94.9223429,26.2,50.4,,5,27.5
"Cruz Jr., Nelson",443558,2022,41,448,507,105,79,16,0,10,119,49,23.5,9.7,0.234,0.337,0.313,0.65,0.292,0.32,28,9.3,46.1,102.29838061,95.468978262,32,50.8,,,25.5
"Vázquez, Christian",543877,2022,31,398,426,109,77,23,0,9,69,22,16.2,5.2,0.274,0.399,0.315,0.714,0.312,0.301,36.1,5.1,36.4,97.833724337,92.999999849,17.2,49.2,80.4,,25.5
"Tapia, Raimel",606132,2022,28,411,433,109,79,20,3,7,81,16,18.7,3.7,0.265,0.38,0.292,0.672,0.293,0.286,27.5,5.1,38,99.701438303,93.926071212,21.5,55.4,,-5,28.2
"Ramírez, Harold",623912,2022,27,403,435,121,91,24,0,6,72,19,16.6,4.4,0.3,0.404,0.343,0.747,0.327,0.31,32.2,4.8,41.2,101.050881737,94.664812126,25.5,56.4,,2,28.1
"Piscotty, Stephen",572039,2022,31,126,139,24,15,4,0,5,48,9,34.5,6.5,0.19,0.341,0.252,0.593,0.258,0.275,42.5,6.3,46.3,99.744957,94.282117,41.6,55.1,,-1,25.2
"Eaton, Nate",681987,2022,25,106,122,28,20,4,3,1,30,10,24.6,8.2,0.264,0.387,0.331,0.718,0.313,0.297,43.8,5,27.5,96.58405675,92.346357848,23.8,49.1,,2,29.6
"Herrera, Jose",645444,2022,25,111,124,21,19,2,0,0,34,9,27.4,7.3,0.189,0.207,0.25,0.457,0.213,0.186,23.5,0,11.1,92.613748158,90.421960667,23.5,42.1,83.9,,25.3
"Beer, Seth",666179,2022,25,111,126,21,17,3,0,1,31,11,24.6,8.7,0.189,0.243,0.278,0.521,0.239,0.276,33.3,3.7,29.6,97.17208925,92.66727557,28.7,47.5,,,24.7
"Henderson, Gunnar",683002,2022,21,116,132,30,18,7,1,4,34,16,25.8,12.1,0.259,0.44,0.348,0.788,0.343,0.338,25.6,9.8,53.7,103.04003561,96.431520488,26.6,41.2,,,29
"Madris, Bligh",676632,2022,26,113,123,20,12,7,0,1,31,10,25.2,8.1,0.177,0.265,0.244,0.509,0.231,0.262,30.5,4.9,41.5,99.381132683,94.178952099,26.8,46.3,,-1,27.9
"Dozier, Hunter",641531,2022,30,462,500,109,67,26,4,12,125,34,25,6.8,0.236,0.387,0.292,0.679,0.298,0.301,33.1,7.7,38.5,99.977574226,94.108179224,29.2,50.6,,-3,27.9
"Williams, Luke",663897,2022,25,127,136,30,23,5,1,1,44,9,32.4,6.6,0.236,0.315,0.287,0.602,0.265,0.233,36.1,3.6,22.9,94.44903675,91.478494625,29.9,50.7,,0,28.7
"Call, Alex",669743,2022,27,114,131,27,18,3,1,5,30,15,22.9,11.5,0.237,0.412,0.336,0.748,0.332,0.281,29.8,1.2,31,96.200864048,92.155563976,24.8,44.6,,0,28.4
"Miller, Owen",680911,2022,25,424,472,103,70,26,1,6,93,32,19.7,6.8,0.243,0.351,0.301,0.652,0.287,0.291,35,3.5,31.2,97.306117941,92.667096401,18.5,48,,,29
"Romine, Austin",519222,2022,33,129,136,20,14,3,0,3,46,4,33.8,2.9,0.155,0.248,0.187,0.435,0.193,0.195,22.4,4.7,33.3,98.519493659,93.285298415,33.5,53.9,81.4,,24.8
"Clemens, Kody",665019,2022,26,117,127,17,8,4,0,5,33,8,26,6.3,0.145,0.308,0.197,0.505,0.22,0.252,26.7,5.8,37.2,98.286138605,93.203562907,27.4,53,,,27.3
"Trejo, Alan",676701,2022,26,118,125,32,22,6,0,4,31,5,24.8,4,0.271,0.424,0.312,0.736,0.321,0.291,37.9,4.6,31.4,96.419990698,92.215872674,25,52.6,,,26.8
"Barrero, Jose",676480,2022,24,165,174,25,20,3,0,2,76,9,43.7,5.2,0.152,0.206,0.195,0.401,0.183,0.18,33.7,2.2,35.2,98.193362727,93.242532414,38.5,57.4,,,27.8
"Castro, Harold",605612,2022,28,420,443,114,84,21,2,7,79,17,17.8,3.8,0.271,0.381,0.3,0.681,0.297,0.316,41.6,6.1,33.3,97.109259586,92.622759201,19.8,53.7,,,26.3
"Ford, Mike",645801,2022,29,131,149,27,19,5,0,3,40,17,26.8,11.4,0.206,0.313,0.302,0.615,0.28,0.278,37.4,3.3,33,99.098360652,93.698905055,21.9,35.2,,,24.4
"Palacios, Richie",680700,2022,25,112,123,26,20,6,0,0,20,9,16.3,7.3,0.232,0.286,0.293,0.579,0.258,0.277,26.9,1.1,21.5,95.27551,91.693951209,16.6,48.1,,-1,27.8
"Aguilar, Jesús",542583,2022,32,464,507,109,74,19,0,16,119,28,23.5,5.5,0.235,0.379,0.281,0.66,0.288,0.298,39.7,6.9,36,98.459753543,93.301003066,27,49.5,,,24
"Yastrzemski, Mike",573262,2022,31,485,558,104,54,31,2,17,141,61,25.3,10.9,0.214,0.392,0.305,0.697,0.307,0.314,36.2,11.1,42.5,99.830966069,94.251098237,22.5,42.9,,2,27
"Adams, Riley",656180,2022,26,142,155,25,16,4,0,5,46,12,29.7,7.7,0.176,0.31,0.245,0.555,0.249,0.274,25,9.4,45.8,101.327463958,94.837029368,30.1,45.6,85.6,,26.7
"Pratto, Nick",668472,2022,23,158,182,29,12,9,1,7,66,19,36.3,10.4,0.184,0.386,0.271,0.657,0.287,0.267,34.4,12.5,36.5,98.384692128,93.208049043,34.4,45.5,,,27.2
"Suárez, Eugenio",553993,2022,30,543,629,128,71,24,2,31,196,73,31.2,11.6,0.236,0.459,0.332,0.791,0.344,0.339,36.4,14.8,43.5,100.691818466,94.681885812,33.1,41.8,,,25.9
"Meyers, Jake",676694,2022,26,150,160,34,25,6,2,1,54,7,33.8,4.4,0.227,0.313,0.269,0.582,0.258,0.251,30.9,5.2,37.1,98.54444,93.291333191,31.2,47.4,,7,28.9
"Ibáñez, Andy",628451,2022,29,119,128,26,21,4,0,1,21,9,16.4,7,0.218,0.277,0.273,0.55,0.249,0.272,29.6,6.1,39.8,98.365345102,93.325839694,19.4,46.7,,,27.4
"Villar, David",681584,2022,25,156,181,36,20,6,1,9,58,18,32,9.9,0.231,0.455,0.331,0.786,0.344,0.283,33.3,9.1,36.4,97.5144976,92.850052323,37.2,44.2,,,26.7
"Smith, Dominic",642086,2022,27,134,152,26,15,10,1,0,37,12,24.3,7.9,0.194,0.284,0.276,0.56,0.254,0.293,28.3,7.1,46.5,99.660695,94.216232222,26,45.4,,,26.3
"Rojas, Josh",668942,2022,28,443,510,119,84,25,1,9,98,55,19.2,10.8,0.269,0.391,0.349,0.74,0.326,0.305,33.5,4.5,36.1,98.050444128,93.265048338,22.2,41,,,27.3
"Casali, Curt",592200,2022,33,148,176,30,21,4,0,5,50,24,28.4,13.6,0.203,0.331,0.318,0.649,0.295,0.289,35,6,39,98.0141006,93.131572828,27.1,47.6,78.3,,24.6
"O'Hearn, Ryan",656811,2022,28,134,145,32,24,6,1,1,35,8,24.1,5.5,0.239,0.321,0.29,0.611,0.272,0.33,38,7,48,102.062682041,95.76288949,24.1,49.4,,,27.2
"Winker, Jesse",608385,2022,28,456,547,100,71,15,0,14,103,84,18.8,15.4,0.219,0.344,0.344,0.688,0.313,0.345,32,7.6,34.3,98.674499266,93.339254492,19.9,43.3,,-10,25.6
"Smith, Kevin",675656,2022,25,139,151,25,13,9,1,2,42,7,27.8,4.6,0.18,0.302,0.216,0.518,0.226,0.236,32.4,7.8,33.3,98.087369388,93.05239898,30.1,53,,,27.6
"Renfroe, Hunter",592669,2022,30,474,522,121,68,23,1,29,121,39,23.2,7.5,0.255,0.492,0.315,0.807,0.347,0.323,32.7,10.9,43.6,101.645981292,95.173188394,27,47.8,,-2,27.1
"Garlick, Kyle",664247,2022,30,150,162,35,23,3,0,9,48,8,29.6,4.9,0.233,0.433,0.284,0.717,0.311,0.305,36.9,9.7,47.6,101.399865577,95.232580777,35.2,48.7,,-3,26.8
"Torrens, Luis",620443,2022,26,151,166,34,29,2,0,3,50,12,30.1,7.2,0.225,0.298,0.283,0.581,0.261,0.284,34,4.9,46.6,99.276666863,94.392982059,26.7,47,82.3,,26.2
"Delay, Jason",641511,2022,27,155,167,33,26,6,0,1,50,9,29.9,5.4,0.213,0.271,0.265,0.536,0.243,0.23,31.1,1.9,28.3,95.000275094,91.571062286,31.2,54.5,78.6,,26.1
"McKenna, Ryan",663630,2022,25,156,172,37,25,10,0,2,55,11,32,6.4,0.237,0.34,0.294,0.634,0.279,0.267,37.5,9.6,30.1,97.3643112,92.729450101,35,52.6,,2,29.2
"Kirilloff, Alex",666135,2022,24,144,156,36,26,7,0,3,36,5,23.1,3.2,0.25,0.361,0.29,0.651,0.286,0.278,28.2,6.4,45.5,99.634929455,94.165907909,20.1,50.3,,-3,27.6
"Refsnyder, Rob",608701,2022,31,153,177,47,30,11,0,6,46,15,26,8.5,0.307,0.497,0.384,0.881,0.381,0.374,49.1,10.9,44.5,100.556991091,94.660920727,24.8,42.5,,-2,27.1
"Bruján, Vidal",660644,2022,24,147,162,24,16,5,0,3,37,12,22.8,7.4,0.163,0.259,0.228,0.487,0.22,0.233,30.4,2.7,27.7,96.400896071,92.213595893,20.7,50.5,,,28.5
"Phillips, Brett",621433,2022,28,201,225,29,18,6,0,5,94,16,41.8,7.1,0.144,0.249,0.217,0.466,0.213,0.22,32.1,4.5,29.5,97.432571887,92.851488396,38.2,44.5,,11,29
"Suzuki, Kurt",435559,2022,38,139,159,25,17,4,0,4,29,15,18.2,9.4,0.18,0.295,0.266,0.561,0.254,0.255,31,3.5,26.5,95.157941429,91.58600375,21.1,48.1,80.2,,24.3
"Burger, Jake",669394,2022,26,168,183,42,24,9,1,8,56,10,30.6,5.5,0.25,0.458,0.302,0.76,0.327,0.318,33.3,14.9,43,102.65301125,95.597171532,35.4,53.8,,,27.7
"Nevin, Tyler",663527,2022,25,157,184,31,25,4,0,2,46,20,25,10.9,0.197,0.261,0.299,0.56,0.261,0.293,34.2,3.5,37.7,98.356865263,93.376842655,26.8,45.6,,,25.7
"Thomas, Lane",657041,2022,26,498,548,120,75,26,2,17,132,41,24.1,7.5,0.241,0.404,0.301,0.705,0.308,0.286,32.6,6.5,34.5,98.449522283,93.255458474,21.1,44.1,,-3,29.4
"Camargo, Johan",622666,2022,28,152,166,36,30,3,0,3,37,13,22.3,7.8,0.237,0.316,0.297,0.613,0.276,0.267,37.1,2.6,27.6,96.285072982,92.157890439,24.9,48.7,,,24.8
"Montero, Elehuris",660707,2022,23,176,185,41,19,15,1,6,60,8,32.4,4.3,0.233,0.432,0.27,0.702,0.303,0.26,34.5,8.6,39.7,100.524698276,94.381819741,35.5,52.2,,,26.9
"Lowe, Josh",666139,2022,24,181,198,40,24,12,2,2,66,15,33.3,7.6,0.221,0.343,0.284,0.627,0.276,0.272,47.4,5.2,37.1,98.497331034,93.392541391,32.6,46.2,,-1,28.9
"Thompson, Bubba",669352,2022,24,170,181,45,39,5,0,1,56,7,30.9,3.9,0.265,0.312,0.302,0.614,0.274,0.203,21.6,1.7,21.6,95.6266222,91.8214983,31.6,58.7,,1,30.3
"Escobar, Eduardo",500871,2022,33,495,542,119,69,26,4,20,129,40,23.8,7.4,0.24,0.43,0.295,0.725,0.311,0.314,38.7,9.4,37.6,99.290072903,93.799689784,27.7,52.4,,,27.9
"Cave, Jake",595909,2022,29,164,177,35,20,7,3,5,49,11,27.7,6.2,0.213,0.384,0.26,0.644,0.278,0.285,38.5,10.3,42.7,99.526718814,94.448232906,35,50.7,,-1,28
"McMahon, Ryan",641857,2022,27,529,597,130,84,23,3,20,158,60,26.5,10.1,0.246,0.414,0.327,0.741,0.326,0.33,36.4,10.4,46.5,102.094383676,95.689199432,28.2,45.2,,,25.8
"Hilliard, Sam",656541,2022,28,174,200,32,23,6,1,2,57,23,28.5,11.5,0.184,0.264,0.28,0.544,0.251,0.303,27.7,9.2,48.7,102.616565833,95.872595546,34.8,43.9,,-1,28.7
"Zavala, Seby",664874,2022,28,178,205,48,32,14,0,2,64,19,31.2,9.3,0.27,0.382,0.347,0.729,0.323,0.283,41.2,9.2,37,98.11221069,93.374340172,37.6,53.5,82.2,,26
"Velázquez, Nelson",676369,2022,23,185,206,38,22,7,3,6,65,19,31.6,9.2,0.205,0.373,0.286,0.659,0.291,0.305,35,13.3,43.6,100.265489661,94.367476923,36.2,47.4,,-3,28.2
"Lopez, Alejo",664670,2022,26,145,156,38,31,5,1,1,21,9,13.5,5.8,0.262,0.331,0.314,0.645,0.286,0.28,37.9,0.8,20.2,94.42221,91.277312397,16.3,50.6,,,26.6
"Vogt, Stephen",519390,2022,37,168,191,27,15,4,1,7,46,17,24.1,8.9,0.161,0.321,0.241,0.562,0.249,0.282,38.9,7.9,27.8,96.256857778,92.21418128,27.1,46.5,72.3,,25.7
"Grichuk, Randal",545341,2022,30,506,538,131,88,21,3,19,127,24,23.6,4.5,0.259,0.425,0.299,0.724,0.315,0.281,27.3,6.8,43.6,101.601495926,95.066145714,24.7,50.6,,-1,28
"Wynns, Austin",642851,2022,31,162,177,42,32,7,0,3,38,10,21.5,5.6,0.259,0.358,0.313,0.671,0.298,0.267,31.7,4,27,96.162621587,92.1438544,22.9,43.5,78.7,,24.9
"Thompson, Trayce",572204,2022,31,219,255,56,28,14,1,13,93,32,36.5,12.5,0.256,0.507,0.353,0.86,0.37,0.366,45.3,16.4,46.9,103.303449063,96.133570313,37.8,43.9,,3,27.7
"VanMeter, Josh",642165,2022,27,171,192,32,22,5,2,3,45,19,23.4,9.9,0.187,0.292,0.266,0.558,0.251,0.288,37.5,4.7,33.6,97.489094531,92.863354961,20.1,36.4,,,26.1
"Lopez, Nicky",670032,2022,27,436,480,99,83,12,4,0,63,29,13.1,6,0.227,0.273,0.281,0.554,0.251,0.273,31.3,1.6,22.9,94.94043827,91.479636504,17.3,49.1,,,27.7
"Espinal, Santiago",669289,2022,27,449,491,120,88,25,0,7,68,36,13.8,7.3,0.267,0.37,0.322,0.692,0.305,0.298,33.8,3.4,31.7,96.814213298,92.407779843,15.5,46.1,,,27
"Lowrie, Jed",476704,2022,38,167,184,30,22,5,0,3,39,15,21.2,8.2,0.18,0.263,0.245,0.508,0.23,0.247,26.9,3.1,30.8,96.195900923,92.129717519,25.6,47.3,,,25.1
"Maile, Luke",571912,2022,31,181,206,40,27,10,0,3,54,19,26.2,9.2,0.221,0.326,0.301,0.627,0.281,0.263,33.8,5.4,25.4,95.943675231,91.987641385,27.6,44.9,83.4,,25.5
"Giménez, Andrés",665926,2022,23,491,557,146,100,26,3,17,112,34,20.1,6.1,0.297,0.466,0.371,0.837,0.364,0.326,31.3,6.2,37.8,99.022592,93.615976351,26.2,53.7,,,29.3
"Massey, Michael",686681,2022,24,173,194,42,28,9,1,4,46,9,23.7,4.6,0.243,0.376,0.307,0.683,0.302,0.332,35.1,13,38.2,99.036690645,93.797110403,27.8,54.5,,,27.1
"Moore, Dylan",664238,2022,29,205,255,46,27,11,2,6,75,34,29.4,13.3,0.224,0.385,0.368,0.753,0.338,0.322,39.4,12.9,36.4,98.982847692,93.508799615,27.6,38.7,,2,28.3
"Rendon, Anthony",543685,2022,32,166,193,38,23,10,0,5,35,23,18.1,11.9,0.229,0.38,0.326,0.706,0.314,0.331,42.1,8.3,37.6,99.082562576,93.890380153,19.6,42.3,,,26.3
"Gonzalez, Marwin",503556,2022,33,184,207,34,21,7,0,6,54,14,26.1,6.8,0.185,0.321,0.255,0.576,0.257,0.282,34.1,5.9,37.3,98.901115758,93.629768931,23.1,50,,2,26.4
"Pham, Tommy",502054,2022,34,554,622,131,90,23,1,17,167,56,26.8,9,0.236,0.374,0.312,0.686,0.304,0.311,33.2,7.9,48.5,102.514437436,95.778101436,26,42,,-6,27.9
"Garver, Mitch",641598,2022,31,188,215,39,22,7,0,10,53,23,24.7,10.7,0.207,0.404,0.298,0.702,0.308,0.319,37.2,8.8,38.7,99.517286232,93.963293942,25.3,42.3,81,,26.4
"Martinez, J.D.",502110,2022,34,533,596,146,86,43,1,16,145,52,24.3,8.7,0.274,0.448,0.341,0.789,0.343,0.349,42,12.5,41.7,100.92394699,94.707836352,30.1,51.9,,,26.1
"Varsho, Daulton",662139,2022,25,531,592,125,72,23,3,27,145,46,24.5,7.8,0.235,0.443,0.302,0.745,0.323,0.298,33.6,10.2,35.6,99.211725904,93.6867316,25.2,50.6,78.9,18,28
"Pollock, AJ",572041,2022,34,489,527,120,79,26,1,14,98,32,18.6,6.1,0.245,0.389,0.292,0.681,0.297,0.317,32.9,9.4,42,100.414319188,94.34853632,24.7,53.6,,-2,27.8
"McCutchen, Andrew",457705,2022,35,515,580,122,80,25,0,17,124,57,21.4,9.8,0.237,0.384,0.316,0.7,0.309,0.325,36.2,8.6,40,99.92693269,94.143160838,24.2,44.9,,0,28.9
"Castellanos, Nick",592206,2022,30,524,558,138,98,27,0,13,130,29,23.3,5.2,0.263,0.389,0.305,0.694,0.304,0.302,36.9,6.6,35.1,98.393032843,93.293370431,32.2,57,,-10,27.7
"Marte, Ketel",606466,2022,28,492,558,118,62,42,2,12,101,55,18.1,9.9,0.24,0.407,0.321,0.728,0.317,0.315,31.6,6.1,41.9,101.202754619,94.845027056,20.7,46.1,,,27
"Hampson, Garrett",641658,2022,27,199,226,42,30,7,3,2,63,21,27.9,9.3,0.211,0.307,0.287,0.594,0.267,0.261,29.8,4.3,27.7,96.783443077,92.495778992,25.4,44.4,,-1,29.4
"Duran, Jarren",680776,2022,25,204,223,45,25,14,3,3,63,14,28.3,6.3,0.221,0.363,0.283,0.646,0.284,0.286,27.5,7.7,38,99.170221176,93.807350882,28.2,49.9,,-2,29.2
"Herrera, Odúbel",546318,2022,30,185,197,44,29,9,1,5,42,11,21.3,5.6,0.238,0.378,0.279,0.657,0.287,0.272,24.3,4.9,37.5,99.933778143,94.012093741,24,52.6,,2,27
"Heineman, Tyler",623168,2022,31,157,174,34,26,8,0,0,17,8,9.8,4.6,0.217,0.268,0.276,0.544,0.248,0.273,34,0,13.2,92.651305672,90.496265038,15.3,55.3,77.1,,26.7
"Barnes, Austin",605131,2022,32,179,212,38,24,6,0,8,37,27,17.5,12.7,0.212,0.38,0.324,0.704,0.315,0.298,31,4.8,35.2,98.048094085,93.029970704,17.6,42.1,75.6,,26.7
"Kiermaier, Kevin",595281,2022,32,206,221,47,32,8,0,7,61,14,27.6,6.3,0.228,0.369,0.281,0.65,0.286,0.305,33.8,6.9,38.6,98.886186164,93.570432966,31.9,51.7,,1,29.2
"Torres, Gleyber",650402,2022,25,526,572,135,82,28,1,24,129,39,22.6,6.8,0.257,0.451,0.31,0.761,0.328,0.319,36.2,10.7,45.3,100.5348042,94.660057845,27.1,49.6,,,26.9
"Adames, Willy",642715,2022,26,563,617,134,72,31,0,31,166,49,26.9,7.9,0.238,0.458,0.298,0.756,0.325,0.323,36.4,13,43.6,100.099002736,94.300793591,28.2,49.6,,,27.8
"Luplow, Jordan",656669,2022,28,205,234,36,20,5,0,11,60,25,25.6,10.7,0.176,0.361,0.274,0.635,0.281,0.288,24,7.5,32.9,97.877095068,92.98903131,29.9,47.9,,1,27.7
"Serven, Brian",661531,2022,27,187,205,38,27,4,1,6,44,13,21.5,6.3,0.203,0.332,0.261,0.593,0.263,0.254,32.9,2.7,29.5,96.245205139,92.177853427,27.2,54.5,81.6,,26.4
"Higgins, P.J.",664731,2022,29,201,229,46,28,11,1,6,58,22,25.3,9.6,0.229,0.383,0.31,0.693,0.306,0.264,34.7,3.4,25.5,95.709141571,91.886405683,27.3,43.1,78.9,,26.4
"Correa, Carlos",621043,2022,27,522,590,152,105,24,1,22,121,61,20.5,10.3,0.291,0.467,0.366,0.833,0.362,0.363,35.3,11.4,44.7,101.992873251,95.284200765,22,44.4,,,27.1
"Estrada, Thairo",642731,2022,26,488,541,127,89,22,2,14,89,33,16.5,6.1,0.26,0.4,0.322,0.722,0.317,0.299,31.6,4.4,31.1,97.092146345,92.54814231,19.7,49.2,,-1,28.2
"Cordero, Franchy",614173,2022,27,242,275,53,27,17,1,8,92,28,33.5,10.2,0.219,0.397,0.3,0.697,0.304,0.313,39,12.3,45.5,103.480728533,95.902442667,37.1,48.9,,-3,28.6
"Duran, Ezequiel",677649,2022,23,208,220,49,33,10,1,5,54,12,24.5,5.5,0.236,0.365,0.277,0.642,0.282,0.256,24.7,4.5,31.8,97.9242875,93.124773224,28.9,55.7,,,29.1
"Alcántara, Sergio",642727,2022,25,205,224,45,30,8,1,6,57,12,25.4,5.4,0.22,0.356,0.261,0.617,0.269,0.244,32.5,1.9,32.5,95.873264737,91.967081987,23.8,42.8,,,27.7
"Rengifo, Luis",650859,2022,25,489,511,129,86,22,4,17,79,17,15.5,3.3,0.264,0.429,0.294,0.723,0.314,0.296,31.1,5.4,33.6,98.09743639,93.096324743,21.5,55.7,,,27.9
"Tellez, Rowdy",642133,2022,27,529,599,116,58,23,0,35,121,62,20.2,10.4,0.219,0.461,0.306,0.767,0.327,0.349,31.4,12.9,46,102.553838927,95.690567213,23.8,43.5,,,24
"Urshela, Gio",570482,2022,30,501,551,143,100,27,3,13,96,41,17.4,7.4,0.285,0.429,0.338,0.767,0.332,0.323,38.6,7,37.6,99.120552402,93.736875907,21.4,53.1,,,25.8
"Aquino, Aristides",606157,2022,28,259,276,51,28,13,0,10,101,17,36.6,6.2,0.197,0.363,0.246,0.609,0.267,0.243,27.2,8.2,34.6,99.168037143,93.584018571,37.9,56.6,,1,28.7
"Díaz, Yandy",650490,2022,30,473,558,140,98,33,0,9,60,78,10.8,14,0.296,0.423,0.401,0.824,0.366,0.365,30.7,4.8,49,103.107838195,96.208559878,14.3,41.3,,,27.1
"Arcia, Orlando",606115,2022,27,209,234,51,33,9,0,9,51,21,21.8,9,0.244,0.416,0.316,0.732,0.321,0.329,30,7.5,42.5,100.210780633,94.636873734,27.3,44.7,,,26.4
"Yelich, Christian",592885,2022,30,575,671,145,102,25,4,14,162,88,24.1,13.1,0.252,0.383,0.355,0.738,0.328,0.339,30.3,8.2,48.6,102.984892126,96.020852446,25,43.2,,-5,28.1
"Mitchell, Cal",668751,2022,23,212,232,48,32,11,0,5,52,18,22.4,7.8,0.226,0.349,0.286,0.635,0.281,0.292,34,4.9,40.7,99.042591235,93.818245342,26.6,50.5,,-4,26.1
"Murphy, Sean",669221,2022,27,537,612,134,77,37,2,18,124,56,20.3,9.2,0.25,0.426,0.332,0.758,0.331,0.344,34.7,10.5,41.4,101.085158756,94.706891435,24,49.3,86.1,,26.1
"Rivas III, Alfonso",663845,2022,25,251,287,59,49,5,2,3,87,29,30.3,10.1,0.235,0.307,0.322,0.629,0.285,0.284,34.7,4.2,35.3,98.449898395,93.317647826,26.2,42,,,26.3
"Reynolds, Matt",608703,2022,31,244,272,60,46,10,1,3,78,26,28.7,9.6,0.246,0.332,0.32,0.652,0.293,0.272,36.5,3,42.4,99.450327831,94.04816097,29.2,41.5,,0,27.4
"Smith, Josh",669701,2022,24,213,253,42,35,5,0,2,50,28,19.8,11.1,0.197,0.249,0.307,0.556,0.262,0.296,34.5,2.4,28.6,96.124871098,92.093542209,23.4,41.1,,1,28.2
"Hays, Austin",669720,2022,26,535,582,134,81,35,2,16,114,34,19.6,5.8,0.25,0.413,0.306,0.719,0.314,0.298,32.3,5.2,37.7,98.997922429,93.543165976,23.5,51,,-6,27.8
"Kim, Ha-Seong",673490,2022,26,517,582,130,87,29,3,11,100,51,17.2,8.8,0.251,0.383,0.325,0.708,0.313,0.309,34,4.2,32.4,97.647567656,92.869312734,19.1,43.3,,,28.4
"Hoskins, Rhys",656555,2022,29,589,672,145,80,33,2,30,169,72,25.1,10.7,0.246,0.462,0.332,0.794,0.345,0.338,37.3,11.1,44.3,100.842284953,94.804616643,25.7,41.9,,,25.9
"Engel, Adam",641553,2022,30,245,260,55,39,13,1,2,76,11,29.2,4.2,0.224,0.31,0.269,0.579,0.256,0.246,30.8,1.8,33.1,98.589188571,93.376579521,33.6,47.4,,3,29.1
"Wade Jr., LaMonte",664774,2022,28,217,251,45,29,7,1,8,51,26,20.3,10.4,0.207,0.359,0.305,0.664,0.298,0.319,33.7,9.5,34.3,98.05927131,93.112804491,17.8,44.8,,-2,25.9
"Hoerner, Nico",663538,2022,25,481,517,135,98,22,5,10,57,28,11,5.4,0.281,0.41,0.327,0.737,0.32,0.301,32.4,2.6,33.5,97.678971875,92.920531108,14.2,49.2,,,29.1
"Merrifield, Whit",593160,2022,33,504,550,126,86,28,1,11,85,38,15.5,6.9,0.25,0.375,0.298,0.673,0.294,0.288,37.9,4.2,31.1,96.383459857,92.27510481,19.4,50.9,,2,28.6
"Fortes, Nick",663743,2022,25,217,240,50,34,6,1,9,45,18,18.8,7.5,0.23,0.392,0.304,0.696,0.308,0.317,30.2,7,37.8,99.460571882,93.908283529,22.9,44.7,80.7,,27.8
"Blackmon, Charlie",453568,2022,35,530,577,140,96,22,6,16,109,32,18.9,5.5,0.264,0.419,0.314,0.733,0.317,0.301,36.7,4.4,30.6,97.426435333,92.732128429,21.4,51.5,,-5,27.8
"Flores, Wilmer",527038,2022,30,525,602,120,72,28,1,19,103,59,17.1,9.8,0.229,0.394,0.316,0.71,0.312,0.31,35.7,6.3,35.4,97.672013814,92.963528089,18.9,45.6,,,25.3
"Belt, Brandon",474832,2022,34,254,298,54,36,9,1,8,81,37,27.2,12.4,0.213,0.35,0.326,0.676,0.303,0.326,38.5,12.6,38.5,99.264489048,93.872087679,32.4,47.1,,,24.4
"Lowe, Brandon",664040,2022,27,235,266,52,32,10,2,8,61,27,22.9,10.2,0.221,0.383,0.308,0.691,0.306,0.32,35.4,10.3,38.9,99.918656897,94.284977069,33.5,53.3,,,27.5
"Jansen, Danny",643376,2022,27,215,248,56,31,10,0,15,44,25,17.7,10.1,0.26,0.516,0.339,0.855,0.364,0.366,34.7,13.1,46.6,101.172294886,95.039463314,21.8,45.3,82.2,,27.5
"Duffy, Matt",622110,2022,31,228,247,57,47,8,0,2,50,17,20.2,6.9,0.25,0.311,0.308,0.619,0.279,0.28,38.8,2.8,25.8,96.07908618,92.086828814,21.8,45.7,,,26.8
"Myers, Wil",571976,2022,31,261,286,68,46,15,0,7,86,21,30.1,7.3,0.261,0.398,0.315,0.713,0.311,0.288,37.6,7.3,37.6,98.804888523,93.5431,31.2,45.3,,2,28.2
"Machín, Vimael",605353,2022,28,223,253,49,36,12,0,1,47,25,18.6,9.9,0.22,0.287,0.3,0.587,0.268,0.301,36.3,3.9,39.1,98.588009667,93.53259419,17.9,44.7,,,25.7
"Moustakas, Mike",519058,2022,33,252,285,54,35,12,0,7,75,24,26.3,8.4,0.214,0.345,0.295,0.64,0.286,0.27,36.1,6.1,33.9,98.852222556,93.461727111,29.2,54.3,,,25.1
"Soler, Jorge",624585,2022,30,270,306,56,30,13,0,13,90,31,29.4,10.1,0.207,0.4,0.295,0.695,0.305,0.322,33.1,12.2,43.6,103.631341,96.127923222,31.5,46,,-2,27
"Higashioka, Kyle",543309,2022,32,229,248,52,35,7,0,10,52,12,21,4.8,0.227,0.389,0.264,0.653,0.282,0.317,36.6,9.8,48.1,101.231678333,95.189627056,26.8,50.6,80.1,,25.8
"Rosario, Eddie",592696,2022,30,250,270,53,35,12,1,5,68,17,25.2,6.3,0.212,0.328,0.259,0.587,0.258,0.25,32.4,5.4,33,97.161292527,92.836894341,31.9,53.5,,-6,27.6
"Vargas, Ildemaro",545121,2022,30,209,222,55,37,13,1,4,23,8,10.4,3.6,0.263,0.392,0.299,0.691,0.302,0.255,28.2,2.1,29.3,96.943626739,92.531312459,11.6,47.7,,,27.1
"Gallo, Joey",608336,2022,28,350,410,56,27,8,2,19,163,56,39.8,13.7,0.16,0.357,0.28,0.637,0.286,0.294,29.3,17.6,50.5,103.219150538,95.983145645,40.6,47.4,,-3,27.2
"Devers, Rafael",646240,2022,25,555,614,164,94,42,1,27,114,50,18.6,8.1,0.295,0.521,0.358,0.879,0.373,0.361,33.1,11.5,50.9,103.784239231,96.704402472,28.1,54.6,,,25.6
"Friedl Jr., TJ",670770,2022,26,225,258,54,31,10,5,8,40,20,15.5,7.8,0.24,0.436,0.314,0.75,0.323,0.283,30.9,4.7,29.8,97.321634111,92.6816085,19.9,43.5,,-1,28.1
"Bogaerts, Xander",593428,2022,29,557,631,171,118,38,0,15,118,57,18.7,9,0.307,0.456,0.377,0.833,0.363,0.323,30.3,6.5,39.5,99.97943964,94.08380455,24.8,45.7,,,27.9
"Siri, Jose",642350,2022,26,301,325,64,42,13,2,7,108,20,33.2,6.2,0.213,0.339,0.268,0.607,0.268,0.261,35.1,6.2,33,99.295575789,93.653804368,35.9,51.7,,15,30.3
"Olson, Matt",621566,2022,28,616,699,148,70,44,0,34,170,75,24.3,10.7,0.24,0.477,0.325,0.802,0.344,0.347,33.8,13.6,50.9,103.665099911,96.545680491,28.9,49.5,,,26.3
"Riley, Austin",663586,2022,25,615,693,168,89,39,2,38,168,57,24.2,8.2,0.273,0.528,0.349,0.877,0.377,0.378,37.7,15.7,50.8,104.398300222,96.785171533,27.6,51.5,,,27.8
"Yepez, Juan",660766,2022,24,253,274,64,39,13,0,12,61,16,22.3,5.8,0.253,0.447,0.296,0.743,0.319,0.286,33.2,9.2,33.7,98.66909102,93.337373827,26.1,54.5,,-8,26.8
"Straw, Myles",664702,2022,27,535,596,118,93,22,3,0,87,54,14.6,9.1,0.221,0.273,0.291,0.564,0.257,0.275,34.1,0.7,26.5,95.486124533,91.784236481,12.6,40.5,,13,29.3
"Knizner, Andrew",668800,2022,27,260,293,56,42,10,0,4,62,26,21.2,8.9,0.215,0.3,0.301,0.601,0.275,0.28,28.6,3.5,33.2,97.694226667,92.856279899,22.7,48.8,80.6,,25.8
"McGuire, Reese",624512,2022,27,249,274,67,49,14,1,3,56,12,20.4,4.4,0.269,0.369,0.307,0.676,0.297,0.267,33.2,2.5,29.7,96.374747396,92.217287539,20.8,51.7,80.2,,26
"Fletcher, David",664058,2022,28,216,228,55,43,9,1,2,16,7,7,3.1,0.255,0.333,0.288,0.621,0.275,0.295,41.1,0,7.4,91.09124866,89.628919691,12.2,48.4,,,26.1
"Dalbec, Bobby",666915,2022,27,317,353,68,45,9,2,12,118,29,33.4,8.2,0.215,0.369,0.283,0.652,0.287,0.296,32,11.8,45.8,101.246531881,94.95935203,35,46.5,,,28.2
"Albies, Ozzie",645277,2022,25,247,269,61,37,16,0,8,47,16,17.5,5.9,0.247,0.409,0.294,0.703,0.305,0.294,34.8,5.4,26.5,96.497792157,92.315202794,22.9,58.2,,,27.5
"Witt Jr., Bobby",677951,2022,22,591,632,150,93,31,6,20,135,30,21.4,4.7,0.254,0.428,0.294,0.722,0.311,0.313,32.5,8.7,38.6,100.836506783,94.527115512,25.2,51.8,,,30.3
"France, Ty",664034,2022,27,551,613,151,103,27,1,20,94,35,15.3,5.7,0.274,0.436,0.338,0.774,0.337,0.321,34.8,5.4,36.8,99.035163319,93.565264683,19.3,52.5,,,24.8
"Swanson, Dansby",621020,2022,28,640,696,177,119,32,1,25,182,49,26.1,7,0.277,0.447,0.329,0.776,0.337,0.337,37,10.8,46.3,100.839209567,94.810341952,30.7,49.4,,,28.4
"Caratini, Victor",605170,2022,28,272,314,54,33,12,0,9,67,31,21.3,9.9,0.199,0.342,0.3,0.642,0.289,0.309,30,6.3,43.5,100.649286408,94.496842039,20.9,42.3,79.8,,24.9
"Peterson, Jace",607054,2022,32,288,328,68,44,14,2,8,85,33,25.9,10.1,0.236,0.382,0.316,0.698,0.306,0.3,33.7,7.2,36.1,98.360158137,93.264631576,26.7,40.9,,-1,28.5
"Barnhart, Tucker",571466,2022,31,281,308,62,51,10,0,1,74,25,24,8.1,0.221,0.267,0.287,0.554,0.253,0.244,30.3,1.9,26,95.275826176,91.655968177,22.5,46.2,79.3,,23.9
"Velazquez, Andrew",623205,2022,27,322,349,63,46,8,0,9,119,15,34.1,4.3,0.196,0.304,0.236,0.54,0.239,0.246,33,6.6,34,98.780373093,93.494339433,34,53.9,,,29.1
"Edman, Tommy",669242,2022,27,577,630,153,105,31,4,13,111,46,17.6,7.3,0.265,0.4,0.324,0.724,0.318,0.308,31.6,6.2,37.8,98.931648319,93.598664536,20.6,47,,,28.7
"Suwinski, Jack",669261,2022,23,326,372,66,36,11,0,19,114,41,30.6,11,0.202,0.411,0.298,0.709,0.311,0.307,26.3,12.2,40.4,100.221227453,94.334188302,30.5,43.2,,1,28.6
"Nimmo, Brandon",607043,2022,29,580,673,159,106,30,7,16,116,71,17.2,10.5,0.274,0.433,0.367,0.8,0.353,0.338,28.1,7,39.8,100.251301732,94.354698482,19.6,43.8,,6,28.6
"Schwindel, Frank",643524,2022,30,271,292,62,43,11,0,8,58,19,19.9,6.5,0.229,0.358,0.277,0.635,0.278,0.278,31.6,4.7,35.5,98.512789626,93.354396573,26.5,54.7,,,25.6
"Betts, Mookie",605141,2022,29,572,639,154,76,40,3,35,104,55,16.3,8.6,0.269,0.533,0.34,0.873,0.373,0.344,36.2,9.7,44.9,99.954466043,94.497072751,16.5,44.2,,4,27.4
"Gurriel, Yuli",493329,2022,38,545,584,132,84,40,0,8,73,30,12.5,5.1,0.242,0.36,0.288,0.648,0.285,0.271,30.3,1.9,35.6,98.291200127,93.270425297,14.3,48.5,,,26.9
"Dubón, Mauricio",643289,2022,27,243,265,52,38,9,0,5,30,13,11.3,4.9,0.214,0.313,0.252,0.565,0.248,0.272,28.1,2.3,29.9,96.436572294,92.243366359,15.2,55.6,,0,28.2
"McNeil, Jeff",643446,2022,30,533,589,174,125,39,1,9,61,40,10.4,6.8,0.326,0.454,0.382,0.836,0.365,0.323,39,2.7,30.2,96.275278692,92.172015654,15.9,53.8,,1,27.4
"Nido, Tomás",621512,2022,28,284,313,68,50,15,0,3,76,14,24.3,4.5,0.239,0.324,0.276,0.6,0.265,0.284,40.1,6.3,33.3,97.78503301,92.921847902,34.4,60.5,77.4,,25.6
"Frazier, Adam",624428,2022,30,541,602,129,100,22,4,3,73,46,12.1,7.6,0.238,0.311,0.301,0.612,0.274,0.297,37.7,1.5,24.5,95.048135872,91.524067936,14.4,48.7,,0,26.8
"Alonso, Pete",624413,2022,27,597,685,162,95,27,0,40,128,67,18.7,9.8,0.271,0.518,0.352,0.87,0.366,0.353,34.5,12.3,44.8,102.849215397,95.616516548,24.2,49.9,,,25.7
"Stassi, Max",545358,2022,31,333,375,60,38,12,1,9,112,38,29.9,10.1,0.18,0.303,0.267,0.57,0.258,0.266,26,9.4,39.5,98.972653514,93.67534181,34,44.1,80.3,,25.6
"Haase, Eric",606992,2022,29,323,351,82,50,17,1,14,97,24,27.6,6.8,0.254,0.443,0.305,0.748,0.322,0.302,32.3,8.7,42.4,100.507001491,94.311526476,32.8,51.4,83.2,,27.9
"Hedges, Austin",595978,2022,29,294,338,48,37,4,0,7,78,25,23.1,7.4,0.163,0.248,0.241,0.489,0.225,0.238,31.9,3.1,22.3,94.912102385,91.52196977,27.1,47.6,82.1,,24.5
"Taveras, Leody",665750,2022,23,314,341,82,61,14,2,5,88,21,25.8,6.2,0.261,0.366,0.309,0.675,0.297,0.267,28.7,4.3,36.1,99.307027387,93.803918054,28.1,49.2,,4,29.3
"Bohm, Alec",664761,2022,25,586,631,164,124,24,3,13,110,31,17.4,4.9,0.28,0.398,0.315,0.713,0.31,0.333,37.7,6.8,43,100.649873374,94.552579815,21.1,51.2,,,27
"Ruf, Darin",573131,2022,35,334,388,68,45,12,0,11,105,45,27.1,11.6,0.204,0.338,0.307,0.645,0.291,0.31,34.5,8.6,40.5,100.481181724,94.46914931,27.5,40.4,,-7,25.7
"Mullins II, Cedric",656775,2022,27,608,672,157,105,32,4,16,126,47,18.8,7,0.258,0.403,0.318,0.721,0.315,0.288,29.3,4.9,37.3,98.895231356,93.569582691,22.2,51.3,,9,28.5
"Gomes, Yan",543228,2022,34,277,293,65,45,12,0,8,47,8,16,2.7,0.235,0.365,0.26,0.625,0.271,0.287,37.9,3.4,28.9,96.735466466,92.387642035,19.4,54.2,79.4,,26.3
"Arroyo, Christian",624414,2022,27,280,300,80,57,16,1,6,49,13,16.3,4.3,0.286,0.414,0.322,0.736,0.319,0.33,34.9,6.4,42.1,100.637264188,94.490642232,20.5,57.5,,-4,27.8
"Celestino, Gilberto",665482,2022,23,311,347,74,59,12,1,2,77,32,22.2,9.2,0.238,0.302,0.313,0.615,0.28,0.27,27.1,2.5,34.3,98.33701431,93.262711767,23.4,44.5,,2,27.9
"O'Neill, Tyler",641933,2022,27,334,383,76,50,11,1,14,103,38,26.9,9.9,0.228,0.392,0.308,0.7,0.307,0.328,36.6,11.3,43.3,101.028153782,94.805530169,30.9,46.3,,1,29.7
"Abrams, CJ",682928,2022,21,284,302,70,54,12,2,2,50,5,16.6,1.7,0.246,0.324,0.28,0.604,0.267,0.266,28.6,2.1,30.7,97.184953739,92.612726201,22.3,57,,,29
"Anderson, Brian",605119,2022,29,338,383,75,50,16,1,8,101,37,26.4,9.7,0.222,0.346,0.311,0.657,0.293,0.309,31.1,9.7,42,100.372461008,94.372032152,30.3,50.7,,-3,27.5
"Bethancourt, Christian",542194,2022,30,318,333,80,52,17,0,11,80,12,24,3.6,0.252,0.409,0.283,0.692,0.301,0.318,31.4,11.7,44.8,101.959454237,95.365619619,34.7,62.5,88.3,,28.1
"Story, Trevor",596115,2022,29,357,396,85,47,22,0,16,122,32,30.8,8.1,0.238,0.434,0.303,0.737,0.316,0.301,36,11.3,40.6,100.613635333,94.400984812,30.8,49.8,,,28.4
"Abreu, José",547989,2022,35,601,679,183,128,40,0,15,110,62,16.2,9.1,0.304,0.446,0.378,0.824,0.361,0.373,34.5,9.5,51.8,102.953606518,96.20270568,23.2,47.3,,,26.1
"González, Luis",670768,2022,26,311,350,78,55,17,2,4,75,30,21.4,8.6,0.251,0.357,0.32,0.677,0.299,0.268,27,2.9,32,97.698676404,92.886404298,22.7,47.2,,-5,28.2
"Laureano, Ramón",657656,2022,27,346,383,73,42,18,0,13,104,25,27.2,6.5,0.211,0.376,0.287,0.663,0.294,0.307,28.9,11.6,38.4,100.041538347,94.16358876,30.3,46.4,,-5,27.6
"De La Cruz, Bryan",650559,2022,25,329,355,83,50,20,0,13,90,19,25.4,5.4,0.252,0.432,0.294,0.726,0.313,0.355,43.6,11.9,47.3,101.407773607,95.226009918,28.7,49.2,,-3,27.8
"Newman, Kevin",621028,2022,28,288,309,79,57,18,2,2,48,16,15.5,5.2,0.274,0.372,0.316,0.688,0.303,0.285,31.7,1.6,27.2,96.298301429,92.167220464,15.6,48.1,,,27.9
"Taylor, Chris",621035,2022,31,402,454,89,51,25,3,10,160,44,35.2,9.7,0.221,0.373,0.304,0.677,0.298,0.277,40.8,10.2,38,98.711167025,93.447132946,39.9,49.9,,1,28.5
"Morel, Christopher",666624,2022,23,379,425,89,50,19,4,16,137,38,32.2,8.9,0.235,0.433,0.308,0.741,0.322,0.321,30,13.4,40.3,101.819951356,95.086096314,38.3,50.1,,-4,28.8
"Rivera, Emmanuel",656896,2022,26,330,359,77,46,16,3,12,83,23,23.1,6.4,0.233,0.409,0.292,0.701,0.306,0.31,32.3,9.3,38.3,99.960196371,94.242469274,25.8,50.1,,,26.9
"McCarthy, Jake",664983,2022,24,321,354,91,64,16,3,8,76,23,21.5,6.5,0.283,0.427,0.342,0.769,0.337,0.298,32.5,4.8,33.7,98.235931513,93.298753151,27.4,53.1,,-1,30.1
"Díaz, Aledmys",649557,2022,31,305,327,74,49,13,0,12,53,18,16.2,5.5,0.243,0.403,0.287,0.69,0.301,0.308,30.3,6.3,36.8,99.127629206,93.589932143,22.7,52.4,,-1,27.7
"García, Avisaíl",541645,2022,31,357,380,80,63,9,0,8,109,17,28.7,4.5,0.224,0.317,0.266,0.583,0.258,0.281,27.6,6.4,44.8,101.460367339,95.003346734,36.7,59,,0,28.3
"Grandal, Yasmani",518735,2022,33,327,376,66,54,7,0,5,79,45,21,12,0.202,0.269,0.301,0.57,0.263,0.29,30,4.8,40,99.46926856,94.06261824,21.6,39.7,76.5,,22.1
"Kelly, Carson",608348,2022,27,317,354,67,42,18,0,7,71,29,20.1,8.2,0.211,0.334,0.282,0.616,0.275,0.288,33.2,5.2,36.8,98.3885,93.265690161,21.1,43.6,81.5,,25.7
"Ortega, Rafael",542364,2022,31,316,371,76,54,14,1,7,74,44,19.9,11.9,0.241,0.358,0.331,0.689,0.305,0.307,37.6,4.8,33.7,97.447746423,92.750083049,19.3,45.4,,-1,27.1
"Raleigh, Cal",663728,2022,25,370,415,78,30,20,1,27,122,38,29.4,9.2,0.211,0.489,0.284,0.773,0.33,0.324,36,15.4,43.5,101.200073622,95.046335375,32.1,52.6,83.8,,26.8
"Kwan, Steven",680757,2022,24,563,638,168,130,25,7,6,60,62,9.4,9.7,0.298,0.4,0.373,0.773,0.341,0.312,34.6,1.4,20.8,94.219058287,91.134248486,9,38.1,,9,28.4
