"last_name, first_name","player_id","year","pa","bip","ba","est_ba","est_ba_minus_ba_diff","slg","est_slg","est_slg_minus_slg_diff","woba","est_woba","est_woba_minus_woba_diff","era","xera","era_minus_xera_diff"
"Webb, Logan","657277","2024","702","513",0.252,0.27,-0.018000000000000016,0.339,0.406,-0.067,0.278,0.315,-0.03699999999999998,"3.13","4.08","-0.953"
"Lugo, Seth","607625","2024","676","483",0.224,0.249,-0.024999999999999994,0.351,0.41,-0.059,0.277,0.311,-0.033999999999999975,"3.02","3.96","-0.936"
"Nola, Aaron","605400","2024","651","460",0.243,0.254,-0.01100000000000001,0.417,0.401,0.01599999999999996,0.307,0.309,-0.0020000000000000018,"3.45","3.91","-0.464"
"Berríos, José","621244","2024","645","462",0.237,0.271,-0.03400000000000003,0.412,0.458,-0.04600000000000004,0.313,0.344,-0.030999999999999972,"3.79","4.96","-1.169"
"Gilbert, Logan","669302","2024","639","443",0.2,0.231,-0.031,0.347,0.38,-0.03300000000000003,0.255,0.282,-0.02699999999999997,"3.21","3.22","-0.015"
"Houck, Tanner","656557","2024","638","450",0.234,0.258,-0.023999999999999994,0.321,0.39,-0.069,0.275,0.311,-0.035999999999999976,"3.01","3.96","-0.953"
"Anderson, Tyler","542881","2024","637","455",0.226,0.244,-0.017999999999999988,0.387,0.417,-0.02999999999999997,0.301,0.319,-0.018000000000000016,"3.46","4.19","-0.727"
"Castillo, Luis","622491","2024","631","429",0.237,0.247,-0.010000000000000009,0.396,0.406,-0.010000000000000009,0.299,0.308,-0.009000000000000008,"3.51","3.88","-0.366"
"Keller, Mitch","656605","2024","629","441",0.246,0.241,0.0050000000000000044,0.412,0.397,0.014999999999999958,0.312,0.309,0.0030000000000000027,"3.76","3.91","-0.148"
"Ragans, Cole","666142","2024","625","389",0.22,0.227,-0.007000000000000006,0.352,0.359,-0.007000000000000006,0.281,0.288,-0.006999999999999951,"3.31","3.36","-0.051"
"Burnes, Corbin","669203","2024","624","440",0.227,0.23,-0.0030000000000000027,0.357,0.37,-0.013000000000000012,0.277,0.283,-0.00599999999999995,"3.10","3.24","-0.136"
"Kirby, George","669923","2024","617","445",0.245,0.24,0.0050000000000000044,0.391,0.41,-0.01899999999999996,0.286,0.292,-0.006000000000000005,"3.40","3.46","-0.055"
"Wheeler, Zack","554430","2024","614","393",0.195,0.204,-0.00899999999999998,0.34,0.347,-0.006999999999999951,0.265,0.272,-0.007000000000000006,"2.73","2.98","-0.245"
"Skubal, Tarik","669373","2024","614","388",0.197,0.211,-0.013999999999999985,0.315,0.34,-0.025000000000000022,0.249,0.265,-0.016000000000000014,"2.49","2.83","-0.339"
"Irvin, Jake","663623","2024","613","448",0.241,0.253,-0.01200000000000001,0.428,0.444,-0.016000000000000014,0.308,0.319,-0.01100000000000001,"3.81","4.19","-0.375"
"Pfaadt, Brandon","694297","2024","613","439",0.246,0.245,0.0010000000000000009,0.399,0.39,0.009000000000000008,0.296,0.294,0.0020000000000000018,"4.08","3.51","0.57"
"Gausman, Kevin","592332","2024","611","434",0.249,0.263,-0.014000000000000012,0.426,0.478,-0.05199999999999999,0.316,0.344,-0.02799999999999997,"4.24","4.96","-0.72"
"Bassitt, Chris","605135","2024","608","409",0.27,0.257,0.013000000000000012,0.398,0.407,-0.008999999999999952,0.329,0.326,0.0030000000000000027,"4.34","4.40","-0.062"
"Cortes, Nestor","641482","2024","606","436",0.25,0.239,0.01100000000000001,0.427,0.409,0.018000000000000016,0.308,0.297,0.01100000000000001,"4.00","3.59","0.414"
"Waldron, Matt","663362","2024","603","423",0.25,0.246,0.0040000000000000036,0.414,0.405,0.008999999999999952,0.315,0.312,0.0030000000000000027,"4.79","3.99","0.804"
"Corbin, Patrick","571578","2024","598","452",0.311,0.309,0.0020000000000000018,0.505,0.493,0.01200000000000001,0.369,0.37,-0.0010000000000000009,"5.92","5.88","0.039"
"Severino, Luis","622663","2024","598","421",0.238,0.242,-0.0040000000000000036,0.375,0.38,-0.0050000000000000044,0.304,0.307,-0.0030000000000000027,"3.91","3.85","0.061"
"Fedde, Erick","607200","2024","593","426",0.233,0.247,-0.013999999999999985,0.386,0.411,-0.024999999999999967,0.295,0.311,-0.016000000000000014,"3.39","3.96","-0.569"
"Singer, Brady","663903","2024","592","407",0.245,0.264,-0.019000000000000017,0.386,0.428,-0.04199999999999998,0.305,0.328,-0.02300000000000002,"3.18","4.46","-1.284"
"Cease, Dylan","656302","2024","591","351",0.193,0.206,-0.012999999999999984,0.34,0.371,-0.030999999999999972,0.266,0.285,-0.01899999999999996,"3.46","3.29","0.168"
"Kikuchi, Yusei","579328","2024","588","388",0.26,0.253,0.007000000000000006,0.414,0.421,-0.007000000000000006,0.314,0.314,0,"4.37","4.05","0.32"
"Abbott, Andrew","671096","2024","586","418",0.24,0.238,0.0020000000000000018,0.439,0.413,0.026000000000000023,0.323,0.314,0.009000000000000008,"3.72","4.05","-0.333"
"King, Michael","650633","2024","585","364",0.22,0.226,-0.006000000000000005,0.347,0.363,-0.016000000000000014,0.283,0.291,-0.008000000000000007,"3.18","3.44","-0.256"
"Sears, JP","676664","2024","584","423",0.246,0.24,0.006000000000000005,0.422,0.43,-0.008000000000000007,0.316,0.317,-0.0010000000000000009,"4.15","4.13","0.019"
"López, Pablo","641154","2024","584","392",0.245,0.235,0.010000000000000009,0.414,0.395,0.01899999999999996,0.306,0.296,0.010000000000000009,"4.47","3.56","0.908"
"Greene, Hunter","668881","2024","583","349",0.185,0.189,-0.0040000000000000036,0.3,0.305,-0.0050000000000000044,0.265,0.271,-0.006000000000000005,"2.83","2.96","-0.134"
"Crawford, Kutter","676710","2024","583","407",0.222,0.231,-0.009000000000000008,0.425,0.44,-0.015000000000000013,0.303,0.313,-0.010000000000000009,"4.25","4.02","0.226"
"Sánchez, Cristopher","650911","2024","580","438",0.262,0.27,-0.008000000000000007,0.341,0.368,-0.02699999999999997,0.285,0.299,-0.014000000000000012,"3.46","3.64","-0.177"
"Canning, Griffin","656288","2024","579","429",0.273,0.27,0.0030000000000000027,0.469,0.458,0.010999999999999954,0.347,0.343,0.003999999999999948,"5.41","4.93","0.484"
"Quintana, Jose","500779","2024","578","409",0.247,0.268,-0.02100000000000002,0.438,0.438,0,0.332,0.344,-0.011999999999999955,"4.57","4.96","-0.393"
"Mikolas, Miles","571945","2024","578","456",0.286,0.277,0.008999999999999952,0.485,0.456,0.02899999999999997,0.34,0.328,0.01200000000000001,"5.41","4.46","0.953"
"Gibson, Kyle","502043","2024","576","395",0.259,0.273,-0.014000000000000012,0.424,0.443,-0.019000000000000017,0.327,0.346,-0.01899999999999996,"4.22","5.03","-0.805"
"Peralta, Freddy","642547","2024","574","353",0.226,0.228,-0.0020000000000000018,0.392,0.387,0.0050000000000000044,0.306,0.307,-0.0010000000000000009,"4.00","3.85","0.148"
"Rodón, Carlos","607074","2024","573","372",0.239,0.231,0.00799999999999998,0.448,0.435,0.013000000000000012,0.327,0.32,0.007000000000000006,"4.34","4.22","0.124"
"Gore, MacKenzie","669022","2024","571","373",0.287,0.271,0.01599999999999996,0.424,0.405,0.01899999999999996,0.345,0.334,0.010999999999999954,"4.66","4.64","0.015"
"Brown, Hunter","686613","2024","568","368",0.254,0.229,0.024999999999999994,0.38,0.343,0.03699999999999998,0.312,0.289,0.02300000000000002,"3.82","3.39","0.429"
"Manaea, Sean","640455","2024","568","371",0.213,0.235,-0.021999999999999992,0.344,0.394,-0.050000000000000044,0.284,0.312,-0.028000000000000025,"3.48","3.99","-0.508"
"Miller, Bryce","682243","2024","567","399",0.213,0.237,-0.023999999999999994,0.362,0.43,-0.068,0.272,0.307,-0.034999999999999976,"3.32","3.85","-0.53"
"Eflin, Zach","621107","2024","562","432",0.257,0.241,0.016000000000000014,0.409,0.392,0.01699999999999996,0.296,0.284,0.01200000000000001,"3.72","3.27","0.454"
"Rea, Colin","607067","2024","562","411",0.232,0.271,-0.03900000000000001,0.402,0.457,-0.05499999999999999,0.301,0.339,-0.038000000000000034,"3.52","4.80","-1.275"
"Rogers, Trevor","669432","2024","562","405",0.285,0.277,0.007999999999999952,0.458,0.445,0.013000000000000012,0.35,0.349,0.0010000000000000009,"4.92","5.13","-0.208"
"Heaney, Andrew","571760","2024","557","382",0.244,0.245,-0.0010000000000000009,0.402,0.43,-0.02799999999999997,0.306,0.319,-0.013000000000000012,"4.04","4.19","-0.154"
"Sale, Chris","519242","2024","556","331",0.21,0.208,0.0020000000000000018,0.311,0.31,0.0010000000000000009,0.255,0.255,0,"2.62","2.62","0.003"
"Blanco, Ronel","669854","2024","555","361",0.185,0.229,-0.04400000000000001,0.356,0.403,-0.04700000000000004,0.274,0.312,-0.03799999999999998,"3.14","3.99","-0.852"
"Gomber, Austin","596295","2024","553","427",0.264,0.278,-0.014000000000000012,0.48,0.488,-0.008000000000000007,0.336,0.345,-0.008999999999999952,"4.64","5.00","-0.364"
"Quantrill, Cal","615698","2024","551","393",0.267,0.272,-0.0050000000000000044,0.451,0.426,0.025000000000000022,0.348,0.342,0.00599999999999995,"4.59","4.90","-0.306"
"Ober, Bailey","641927","2024","551","368",0.204,0.219,-0.015000000000000013,0.377,0.383,-0.006000000000000005,0.275,0.287,-0.011999999999999955,"3.54","3.34","0.196"
"Littell, Zack","641793","2024","551","403",0.278,0.268,0.010000000000000009,0.446,0.449,-0.0030000000000000027,0.331,0.327,0.0040000000000000036,"3.89","4.43","-0.543"
"Valdez, Framber","664285","2024","550","371",0.23,0.237,-0.0069999999999999785,0.337,0.353,-0.01599999999999996,0.28,0.292,-0.011999999999999955,"3.20","3.46","-0.257"
"Gray, Sonny","543243","2024","550","345",0.23,0.242,-0.011999999999999983,0.403,0.412,-0.008999999999999952,0.295,0.305,-0.010000000000000009,"3.91","3.80","0.114"
"Stroman, Marcus","573186","2024","547","393",0.253,0.261,-0.008000000000000007,0.427,0.437,-0.010000000000000009,0.334,0.341,-0.007000000000000006,"3.82","4.86","-1.043"
"Flexen, Chris","623167","2024","541","403",0.279,0.265,0.014000000000000012,0.478,0.456,0.021999999999999964,0.355,0.344,0.01100000000000001,"5.46","4.96","0.499"
"Imanaga, Shota","684007","2024","541","381",0.238,0.24,-0.0020000000000000018,0.393,0.403,-0.010000000000000009,0.287,0.291,-0.0040000000000000036,"3.10","3.44","-0.335"
"Bello, Brayan","678394","2024","540","365",0.263,0.261,0.0020000000000000018,0.434,0.42,0.014000000000000012,0.336,0.333,0.0030000000000000027,"4.80","4.61","0.193"
"Civale, Aaron","650644","2024","540","378",0.264,0.252,0.01200000000000001,0.455,0.407,0.04800000000000004,0.338,0.315,0.02300000000000002,"4.78","4.08","0.697"
"Ryan, Joe","657746","2024","538","363",0.217,0.212,0.0050000000000000044,0.4,0.364,0.03600000000000003,0.282,0.268,0.013999999999999957,"3.60","2.90","0.7"
"Bibee, Tanner","676440","2024","536","355",0.225,0.237,-0.011999999999999983,0.398,0.399,-0.0010000000000000009,0.291,0.298,-0.007000000000000006,"3.33","3.61","-0.278"
"Stone, Gavin","694813","2024","533","392",0.253,0.26,-0.007000000000000006,0.399,0.403,-0.0040000000000000036,0.305,0.31,-0.0050000000000000044,"3.44","3.94","-0.504"
"Fried, Max","608331","2024","533","363",0.232,0.25,-0.017999999999999988,0.311,0.363,-0.05199999999999999,0.276,0.302,-0.025999999999999968,"3.57","3.72","-0.153"
"Feltner, Ryan","663372","2024","532","381",0.277,0.26,0.017000000000000015,0.44,0.428,0.01200000000000001,0.336,0.325,0.01100000000000001,"5.00","4.37","0.633"
"Morton, Charlie","450203","2024","531","342",0.247,0.247,0,0.432,0.427,0.0050000000000000044,0.334,0.333,0.0010000000000000009,"4.29","4.61","-0.324"
"Crochet, Garrett","676979","2024","526","310",0.219,0.205,0.014000000000000012,0.367,0.342,0.024999999999999967,0.279,0.264,0.015000000000000013,"3.64","2.81","0.827"
"Taillon, Jameson","592791","2024","525","397",0.256,0.252,0.0040000000000000036,0.412,0.417,-0.0050000000000000044,0.304,0.305,-0.0010000000000000009,"3.77","3.80","-0.034"
"Gil, Luis","661563","2024","524","306",0.185,0.203,-0.018000000000000016,0.325,0.346,-0.020999999999999963,0.282,0.297,-0.015000000000000013,"3.39","3.59","-0.197"
"Nelson, Ryne","669194","2024","523","388",0.271,0.267,0.0040000000000000036,0.444,0.411,0.03300000000000003,0.325,0.313,0.01200000000000001,"4.36","4.02","0.335"
"Glasnow, Tyler","607192","2024","522","317",0.19,0.197,-0.007000000000000006,0.347,0.331,0.01599999999999996,0.258,0.255,0.0030000000000000027,"3.49","2.62","0.873"
"Wacha, Michael","608379","2024","522","372",0.243,0.26,-0.017000000000000015,0.391,0.426,-0.034999999999999976,0.301,0.321,-0.020000000000000018,"3.33","4.25","-0.919"
"Parker, Mitchell","680730","2024","515","378",0.253,0.26,-0.007000000000000006,0.411,0.45,-0.039000000000000035,0.308,0.326,-0.018000000000000016,"4.25","4.40","-0.145"
"Eovaldi, Nathan","543135","2024","515","357",0.229,0.256,-0.026999999999999996,0.384,0.4,-0.016000000000000014,0.289,0.312,-0.02300000000000002,"3.76","3.99","-0.234"
"Flaherty, Jack","656427","2024","512","322",0.219,0.229,-0.010000000000000009,0.381,0.376,0.0050000000000000044,0.279,0.282,-0.002999999999999947,"3.00","3.22","-0.22"
"Lorenzen, Michael","547179","2024","512","358",0.221,0.248,-0.026999999999999996,0.383,0.424,-0.04099999999999998,0.309,0.335,-0.026000000000000023,"3.48","4.67","-1.195"
"Montas, Frankie","593423","2024","501","348",0.248,0.256,-0.008000000000000007,0.412,0.426,-0.014000000000000012,0.324,0.333,-0.009000000000000008,"4.57","4.61","-0.044"
"Harrison, Kyle","690986","2024","495","342",0.257,0.259,-0.0020000000000000018,0.422,0.44,-0.018000000000000016,0.323,0.338,-0.015000000000000013,"4.00","4.77","-0.77"
"Lively, Ben","594902","2024","492","350",0.235,0.238,-0.0030000000000000027,0.432,0.412,0.020000000000000018,0.318,0.312,0.006000000000000005,"3.67","3.99","-0.315"
"Spence, Mitch","687765","2024","491","356",0.264,0.244,0.020000000000000018,0.441,0.404,0.03699999999999998,0.329,0.307,0.02200000000000002,"4.67","3.85","0.819"
"Rodriguez, Grayson","680570","2024","491","320",0.243,0.236,0.007000000000000006,0.405,0.4,0.0050000000000000044,0.31,0.304,0.006000000000000005,"3.86","3.77","0.087"
"Assad, Javier","665871","2024","490","335",0.244,0.254,-0.010000000000000009,0.393,0.414,-0.020999999999999963,0.317,0.33,-0.013000000000000012,"3.11","4.52","-1.414"
"Arrighetti, Spencer","681293","2024","488","296",0.255,0.225,0.03,0.432,0.389,0.04299999999999998,0.339,0.311,0.028000000000000025,"5.21","3.96","1.245"
"Suárez, Ranger","624133","2024","481","332",0.224,0.241,-0.016999999999999987,0.34,0.352,-0.011999999999999955,0.271,0.283,-0.011999999999999955,"2.87","3.24","-0.374"
"Steele, Justin","657006","2024","480","329",0.217,0.22,-0.0030000000000000027,0.332,0.323,0.009000000000000008,0.269,0.268,0.0010000000000000009,"3.10","2.90","0.203"
"Lodolo, Nick","666157","2024","472","309",0.235,0.235,0,0.387,0.374,0.013000000000000012,0.311,0.305,0.006000000000000005,"4.55","3.80","0.754"
"Soriano, José","667755","2024","468","316",0.224,0.244,-0.01999999999999999,0.329,0.375,-0.045999999999999985,0.287,0.316,-0.029000000000000026,"3.42","4.10","-0.675"
"Hicks, Jordan","663855","2024","467","320",0.26,0.263,-0.0030000000000000027,0.403,0.432,-0.02899999999999997,0.329,0.341,-0.01200000000000001,"3.85","4.86","-1.015"
"Lynn, Lance","458681","2024","467","325",0.249,0.264,-0.015000000000000013,0.408,0.46,-0.052000000000000046,0.318,0.342,-0.02400000000000002,"4.06","4.90","-0.837"
"Woods Richardson, Simeon","680573","2024","467","330",0.228,0.241,-0.012999999999999984,0.361,0.41,-0.04899999999999999,0.285,0.311,-0.026000000000000023,"3.69","3.96","-0.275"
"Gallen, Zac","668678","2024","466","324",0.254,0.26,-0.006000000000000005,0.393,0.401,-0.008000000000000007,0.311,0.317,-0.006000000000000005,"3.85","4.13","-0.285"
"Pérez, Martín","527048","2024","464","338",0.291,0.283,0.008000000000000007,0.479,0.483,-0.0040000000000000036,0.359,0.357,0.0020000000000000018,"4.67","5.41","-0.74"
"López, Reynaldo","625643","2024","447","296",0.232,0.258,-0.025999999999999995,0.342,0.412,-0.06999999999999995,0.281,0.322,-0.04099999999999998,"2.05","4.28","-2.228"
"Carrasco, Carlos","471911","2024","447","320",0.276,0.261,0.015000000000000013,0.505,0.441,0.064,0.36,0.334,0.025999999999999968,"5.64","4.64","1.003"
"Falter, Bailey","663559","2024","439","333",0.257,0.276,-0.019000000000000017,0.406,0.465,-0.059,0.31,0.343,-0.03300000000000003,"4.03","4.93","-0.905"
"Paxton, James","572020","2024","437","313",0.251,0.257,-0.006000000000000005,0.404,0.413,-0.008999999999999952,0.324,0.337,-0.013000000000000012,"4.39","4.74","-0.345"
"Irvin, Cole","608344","2024","436","340",0.29,0.296,-0.006000000000000005,0.486,0.523,-0.03700000000000003,0.35,0.366,-0.016000000000000014,"4.82","5.73","-0.912"
"Pivetta, Nick","601713","2024","433","280",0.237,0.233,0.003999999999999976,0.466,0.446,0.020000000000000018,0.318,0.31,0.008000000000000007,"4.70","3.94","0.759"
"Montgomery, Jordan","656756","2024","432","327",0.315,0.291,0.02400000000000002,0.508,0.46,0.04799999999999999,0.377,0.352,0.025000000000000022,"6.44","5.23","1.212"
"Marsh, Alec","679525","2024","425","295",0.247,0.272,-0.025000000000000022,0.422,0.47,-0.04799999999999999,0.317,0.346,-0.02899999999999997,"4.71","5.03","-0.323"
"Olson, Reese","681857","2024","425","299",0.236,0.245,-0.009000000000000008,0.348,0.36,-0.01200000000000001,0.282,0.294,-0.01200000000000001,"3.23","3.51","-0.277"
"Myers, Tobias","668964","2024","421","299",0.236,0.252,-0.016000000000000014,0.374,0.42,-0.045999999999999985,0.293,0.316,-0.02300000000000002,"2.87","4.10","-1.226"
"Bradley, Taj","671737","2024","417","265",0.218,0.224,-0.006000000000000005,0.382,0.418,-0.035999999999999976,0.292,0.312,-0.020000000000000018,"3.55","3.99","-0.437"
"Hendricks, Kyle","543294","2024","415","318",0.289,0.283,0.006000000000000005,0.47,0.441,0.02899999999999997,0.348,0.34,0.007999999999999952,"6.35","4.83","1.523"
"Kremer, Dean","665152","2024","415","281",0.219,0.248,-0.028999999999999998,0.383,0.457,-0.07400000000000001,0.298,0.343,-0.04500000000000004,"4.30","4.93","-0.632"
"Martinez, Nick","607259","2024","415","315",0.25,0.247,0.0030000000000000027,0.406,0.371,0.03500000000000003,0.295,0.282,0.013000000000000012,"3.64","3.22","0.421"
"Ortiz, Luis L.","682847","2024","415","300",0.225,0.239,-0.013999999999999985,0.382,0.432,-0.04999999999999999,0.291,0.319,-0.028000000000000025,"3.56","4.19","-0.626"
"Wilson, Bryse","669060","2024","415","302",0.248,0.28,-0.03200000000000003,0.441,0.486,-0.044999999999999984,0.325,0.355,-0.02999999999999997,"4.20","5.34","-1.144"
"Suárez, Albert","544150","2024","409","295",0.249,0.248,0.0010000000000000009,0.373,0.402,-0.029000000000000026,0.301,0.311,-0.010000000000000009,"3.18","3.96","-0.784"
"Allen, Logan","671106","2024","407","288",0.289,0.275,0.013999999999999957,0.537,0.497,0.040000000000000036,0.382,0.363,0.019000000000000017,"5.56","5.62","-0.064"
"Gray, Jon","592351","2024","404","300",0.257,0.279,-0.02200000000000002,0.382,0.44,-0.057999999999999996,0.296,0.328,-0.03200000000000003,"3.75","4.46","-0.71"
"Hudson, Dakota","641712","2024","404","300",0.286,0.292,-0.006000000000000005,0.436,0.457,-0.02100000000000002,0.36,0.372,-0.01200000000000001,"6.17","5.96","0.209"
"Pepiot, Ryan","686752","2024","397","255",0.199,0.222,-0.022999999999999993,0.342,0.383,-0.04099999999999998,0.273,0.298,-0.024999999999999967,"3.65","3.61","0.039"
"Estes, Joey","683155","2024","395","296",0.242,0.246,-0.0040000000000000036,0.449,0.462,-0.013000000000000012,0.317,0.325,-0.008000000000000007,"4.44","4.37","0.067"
"Ureña, José","570632","2024","394","297",0.255,0.26,-0.0050000000000000044,0.408,0.42,-0.01200000000000001,0.317,0.324,-0.007000000000000006,"3.97","4.34","-0.372"
"Maeda, Kenta","628317","2024","389","289",0.284,0.265,0.01899999999999996,0.503,0.443,0.06,0.356,0.33,0.025999999999999968,"6.18","4.52","1.657"
"Paddack, Chris","663978","2024","384","283",0.283,0.275,0.007999999999999952,0.444,0.474,-0.02999999999999997,0.332,0.339,-0.007000000000000006,"4.99","4.80","0.192"
"Skenes, Paul","694973","2024","381","231",0.202,0.198,0.0040000000000000036,0.328,0.327,0.0010000000000000009,0.261,0.26,0.0010000000000000009,"2.30","2.72","-0.424"
"Dunning, Dane","641540","2024","379","250",0.246,0.26,-0.014000000000000012,0.435,0.462,-0.027000000000000024,0.334,0.348,-0.013999999999999957,"5.00","5.10","-0.096"
"Jones, Jared","683003","2024","371","242",0.22,0.229,-0.009000000000000008,0.398,0.396,0.0020000000000000018,0.295,0.303,-0.008000000000000007,"3.56","3.75","-0.19"
"Cannon, Jonathan","686563","2024","366","280",0.267,0.269,-0.0020000000000000018,0.454,0.442,0.01200000000000001,0.333,0.332,0.0010000000000000009,"4.26","4.58","-0.322"
"Muñoz, Roddery","682610","2024","366","251",0.259,0.278,-0.019000000000000017,0.541,0.538,0.0030000000000000027,0.376,0.387,-0.01100000000000001,"5.97","6.56","-0.585"
"Vásquez, Randy","681190","2024","355","276",0.31,0.312,-0.0020000000000000018,0.485,0.498,-0.013000000000000012,0.365,0.371,-0.006000000000000005,"4.63","5.92","-1.291"
"Sandoval, Patrick","663776","2024","353","234",0.272,0.259,0.013000000000000012,0.401,0.395,0.006000000000000005,0.329,0.321,0.008000000000000007,"5.08","4.25","0.834"
"Ashcraft, Graham","668933","2024","350","260",0.282,0.281,0.0009999999999999454,0.434,0.445,-0.01100000000000001,0.342,0.348,-0.00599999999999995,"5.24","5.10","0.137"
"Mize, Casey","663554","2024","345","265",0.291,0.284,0.007000000000000006,0.416,0.428,-0.01200000000000001,0.325,0.328,-0.0030000000000000027,"4.23","4.46","-0.227"
"McKenzie, Triston","663474","2024","340","215",0.24,0.244,-0.0040000000000000036,0.479,0.49,-0.01100000000000001,0.359,0.363,-0.0040000000000000036,"5.12","5.62","-0.505"
"Criswell, Cooper","681867","2024","339","252",0.278,0.256,0.02200000000000002,0.431,0.395,0.035999999999999976,0.328,0.309,0.019000000000000017,"4.41","3.91","0.496"
"Pallante, Andre","669467","2024","336","243",0.244,0.242,0.0020000000000000018,0.35,0.349,0.0010000000000000009,0.298,0.298,0,"4.07","3.61","0.457"
"Peterson, David","656849","2024","335","230",0.243,0.272,-0.029000000000000026,0.363,0.429,-0.066,0.312,0.35,-0.03799999999999998,"3.00","5.16","-2.16"
"Alexander, Tyler","641302","2024","329","240",0.265,0.272,-0.007000000000000006,0.474,0.491,-0.017000000000000015,0.334,0.349,-0.014999999999999958,"5.17","5.13","0.035"
"Stripling, Ross","548389","2024","327","269",0.307,0.293,0.014000000000000012,0.454,0.443,0.01100000000000001,0.34,0.33,0.010000000000000009,"5.72","4.52","1.196"
"Fulmer, Carson","608334","2024","321","210",0.219,0.237,-0.017999999999999988,0.405,0.436,-0.030999999999999972,0.313,0.332,-0.019000000000000017,"4.24","4.58","-0.342"
"Soroka, Michael","647336","2024","321","205",0.237,0.253,-0.016000000000000014,0.441,0.426,0.015000000000000013,0.339,0.345,-0.00599999999999995,"5.23","5.00","0.226"
"Freeland, Kyle","607536","2024","319","238",0.306,0.29,0.016000000000000014,0.497,0.474,0.02300000000000002,0.364,0.35,0.014000000000000012,"5.97","5.16","0.812"
"Cecconi, Slade","677944","2024","314","234",0.278,0.252,0.026000000000000023,0.502,0.446,0.055999999999999994,0.349,0.322,0.02699999999999997,"6.14","4.28","1.856"
"Spiers, Carson","686730","2024","309","224",0.285,0.256,0.02899999999999997,0.517,0.448,0.069,0.364,0.325,0.03899999999999998,"5.43","4.37","1.056"
"Woo, Bryan","693433","2024","309","236",0.196,0.211,-0.014999999999999986,0.28,0.301,-0.020999999999999963,0.223,0.24,-0.016999999999999987,"2.12","2.32","-0.2"
"Schwellenbach, Spencer","680885","2024","309","205",0.233,0.228,0.0050000000000000044,0.406,0.373,0.03300000000000003,0.295,0.281,0.013999999999999957,"4.04","3.19","0.854"
"Houser, Adrian","605288","2024","309","228",0.272,0.271,0.0010000000000000009,0.445,0.451,-0.006000000000000005,0.35,0.351,-0.0010000000000000009,"5.84","5.20","0.641"
"Law, Derek","571882","2024","308","227",0.252,0.263,-0.01100000000000001,0.365,0.379,-0.014000000000000012,0.289,0.304,-0.015000000000000013,"2.85","3.77","-0.915"
"Snell, Blake","605483","2024","306","174",0.189,0.19,-0.0010000000000000009,0.295,0.306,-0.01100000000000001,0.256,0.26,-0.0040000000000000036,"3.67","2.72","0.951"
"Yarbrough, Ryan","642232","2024","305","227",0.213,0.249,-0.036000000000000004,0.361,0.415,-0.05399999999999999,0.293,0.33,-0.03700000000000003,"3.94","4.52","-0.575"
"Yamamoto, Yoshinobu","808967","2024","301","199",0.221,0.234,-0.013000000000000012,0.357,0.35,0.007000000000000006,0.271,0.282,-0.010999999999999954,"2.92","3.22","-0.301"
"Blackburn, Paul","621112","2024","300","218",0.241,0.261,-0.020000000000000018,0.409,0.428,-0.019000000000000017,0.309,0.325,-0.016000000000000014,"4.19","4.37","-0.178"
"Weathers, Ryan","677960","2024","298","203",0.228,0.243,-0.014999999999999986,0.371,0.408,-0.03699999999999998,0.294,0.314,-0.020000000000000018,"3.55","4.05","-0.501"
"Blach, Ty","621389","2024","295","240",0.342,0.318,0.02400000000000002,0.569,0.56,0.008999999999999897,0.406,0.395,0.01100000000000001,"6.36","6.90","-0.539"
"Cabrera, Edward","665795","2024","285","172",0.238,0.248,-0.010000000000000009,0.439,0.441,-0.0020000000000000018,0.343,0.347,-0.003999999999999948,"5.65","5.06","0.588"
"Vodnik, Victor","680767","2024","282","193",0.258,0.258,0,0.371,0.426,-0.05499999999999999,0.315,0.336,-0.02100000000000002,"4.04","4.70","-0.664"
"Avila, Pedro","658648","2024","281","176",0.22,0.245,-0.024999999999999994,0.357,0.382,-0.025000000000000022,0.293,0.318,-0.025000000000000022,"3.49","4.16","-0.667"
"Liberatore, Matthew","669461","2024","280","193",0.239,0.253,-0.014000000000000012,0.398,0.424,-0.025999999999999968,0.304,0.32,-0.016000000000000014,"4.48","4.22","0.258"
"Detmers, Reid","672282","2024","277","178",0.269,0.226,0.04300000000000001,0.457,0.371,0.08600000000000002,0.346,0.302,0.043999999999999984,"6.14","3.72","2.423"
"Luzardo, Jesús","666200","2024","274","192",0.246,0.257,-0.01100000000000001,0.411,0.439,-0.028000000000000025,0.315,0.331,-0.016000000000000014,"5.00","4.55","0.445"
"Holton, Tyler","663947","2024","274","200",0.181,0.229,-0.048000000000000015,0.276,0.357,-0.08099999999999996,0.224,0.275,-0.05100000000000002,"2.49","3.05","-0.562"
"Walker, Taijuan","592836","2024","269","189",0.278,0.279,-0.0010000000000000009,0.515,0.537,-0.02200000000000002,0.371,0.383,-0.01200000000000001,"5.69","6.39","-0.698"
"Weaver, Luke","596133","2024","268","172",0.183,0.223,-0.04000000000000001,0.362,0.401,-0.039000000000000035,0.266,0.304,-0.03799999999999998,"3.34","3.77","-0.428"
"Lambert, Peter","663567","2024","268","190",0.293,0.267,0.025999999999999968,0.457,0.402,0.05499999999999999,0.352,0.327,0.024999999999999967,"5.46","4.43","1.031"
"Tonkin, Michael","543859","2024","267","172",0.224,0.253,-0.028999999999999998,0.349,0.396,-0.04700000000000004,0.292,0.321,-0.029000000000000026,"3.61","4.25","-0.64"
"Abreu, Bryan","650556","2024","265","141",0.202,0.201,0.0010000000000000009,0.307,0.331,-0.02400000000000002,0.285,0.292,-0.007000000000000006,"2.71","3.46","-0.746"
"Herz, DJ","687792","2024","265","166",0.246,0.216,0.03,0.421,0.37,0.05099999999999999,0.319,0.288,0.031000000000000028,"4.15","3.36","0.794"
"Wesneski, Hayden","669713","2024","263","182",0.221,0.244,-0.022999999999999993,0.4,0.446,-0.045999999999999985,0.301,0.327,-0.026000000000000023,"3.94","4.43","-0.489"
"Francis, Bowden","670102","2024","263","187",0.235,0.244,-0.009000000000000008,0.432,0.433,-0.0010000000000000009,0.31,0.313,-0.0030000000000000027,"4.38","4.02","0.362"
"Verlander, Justin","434378","2024","259","180",0.239,0.223,0.015999999999999986,0.419,0.407,0.01200000000000001,0.312,0.301,0.01100000000000001,"3.92","3.69","0.229"
"Cronin, Declan","686539","2024","259","172",0.284,0.246,0.03799999999999998,0.345,0.358,-0.013000000000000012,0.312,0.3,0.01200000000000001,"4.60","3.67","0.932"
"Richards, Trevor","670950","2024","258","165",0.177,0.199,-0.02200000000000002,0.3,0.337,-0.03700000000000003,0.264,0.289,-0.024999999999999967,"4.40","3.39","1.012"
"Jarvis, Bryce","686826","2024","258","182",0.239,0.271,-0.03200000000000003,0.362,0.438,-0.07600000000000001,0.314,0.353,-0.03899999999999998,"3.19","5.27","-2.085"
"Buttó, José","676130","2024","257","151",0.163,0.2,-0.037000000000000005,0.27,0.342,-0.07200000000000001,0.258,0.3,-0.04199999999999998,"2.37","3.67","-1.304"
"Akin, Keegan","669211","2024","256","160",0.193,0.193,0,0.348,0.334,0.013999999999999957,0.257,0.255,0.0020000000000000018,"3.52","2.62","0.896"
"Walker, Ryan","676254","2024","255","150",0.191,0.206,-0.014999999999999986,0.278,0.316,-0.03799999999999998,0.244,0.264,-0.020000000000000018,"2.07","2.81","-0.744"
"Armstrong, Shawn","542888","2024","255","171",0.281,0.268,0.013000000000000012,0.437,0.45,-0.013000000000000012,0.34,0.341,-0.0010000000000000009,"5.02","4.86","0.163"
"Rodríguez, Yariel","684320","2024","254","158",0.227,0.234,-0.007000000000000006,0.391,0.384,0.007000000000000006,0.316,0.317,-0.0010000000000000009,"4.40","4.13","0.269"
"Kinley, Tyler","641755","2024","252","163",0.25,0.256,-0.006000000000000005,0.468,0.432,0.03600000000000003,0.343,0.334,0.009000000000000008,"5.88","4.64","1.236"
"Hjelle, Sean","663546","2024","251","183",0.252,0.251,0.0010000000000000009,0.399,0.395,0.0040000000000000036,0.291,0.289,0.0020000000000000018,"3.65","3.39","0.259"
"Montero, Keider","672456","2024","249","178",0.26,0.28,-0.020000000000000018,0.476,0.45,0.025999999999999968,0.345,0.345,0,"5.28","5.00","0.279"
"Musgrove, Joe","605397","2024","248","170",0.288,0.283,0.0050000000000000044,0.484,0.476,0.008000000000000007,0.367,0.365,0.0020000000000000018,"4.97","5.70","-0.734"
"Schmidt, Clarke","657376","2024","247","154",0.224,0.231,-0.007000000000000006,0.356,0.37,-0.014000000000000012,0.293,0.304,-0.01100000000000001,"2.52","3.77","-1.248"
"Faedo, Alex","656412","2024","246","160",0.233,0.251,-0.017999999999999988,0.405,0.383,0.02200000000000002,0.322,0.322,0,"3.61","4.28","-0.67"
"Winckowski, Josh","670174","2024","245","182",0.262,0.273,-0.01100000000000001,0.407,0.441,-0.03400000000000003,0.319,0.34,-0.02100000000000002,"3.72","4.83","-1.111"
"Banks, Tanner","621383","2024","244","161",0.251,0.237,0.014000000000000012,0.388,0.364,0.02400000000000002,0.3,0.293,0.007000000000000006,"4.06","3.49","0.568"
"Mears, Nick","683232","2024","243","148",0.263,0.214,0.049000000000000016,0.406,0.358,0.04800000000000004,0.316,0.278,0.03799999999999998,"5.37","3.12","2.247"
"Beeks, Jalen","656222","2024","243","175",0.253,0.231,0.021999999999999992,0.373,0.384,-0.01100000000000001,0.304,0.297,0.007000000000000006,"4.26","3.59","0.673"
"Ross, Joe","605452","2024","241","172",0.256,0.258,-0.0020000000000000018,0.372,0.41,-0.03799999999999998,0.303,0.323,-0.020000000000000018,"4.42","4.31","0.108"
"Farmer, Buck","571656","2024","241","159",0.207,0.235,-0.027999999999999997,0.361,0.404,-0.04300000000000004,0.287,0.315,-0.028000000000000025,"2.67","4.08","-1.411"
"Scott, Tayler","605463","2024","240","147",0.166,0.202,-0.036000000000000004,0.278,0.286,-0.007999999999999952,0.25,0.27,-0.020000000000000018,"1.95","2.94","-0.99"
"Floro, Dylan","571670","2024","240","184",0.238,0.249,-0.01100000000000001,0.296,0.344,-0.04799999999999999,0.257,0.283,-0.025999999999999968,"2.67","3.24","-0.57"
"Shuster, Jared","694363","2024","240","181",0.267,0.299,-0.03199999999999997,0.414,0.474,-0.06,0.33,0.364,-0.033999999999999975,"4.31","5.66","-1.353"
"Thornton, Trent","663423","2024","239","161",0.264,0.249,0.015000000000000013,0.458,0.392,0.066,0.334,0.308,0.026000000000000023,"4.37","3.88","0.49"
"Winn, Keaton","676775","2024","238","165",0.268,0.276,-0.008000000000000007,0.493,0.492,0.0010000000000000009,0.353,0.362,-0.009000000000000008,"7.16","5.59","1.567"
"Martinez, Justin","679885","2024","238","135",0.202,0.21,-0.00799999999999998,0.241,0.274,-0.03300000000000003,0.251,0.273,-0.02200000000000002,"1.90","3.01","-1.115"
"Rogers, Tyler","643511","2024","235","184",0.247,0.228,0.01899999999999999,0.386,0.33,0.055999999999999994,0.281,0.256,0.025000000000000022,"2.78","2.64","0.137"
"Wentz, Joey","666214","2024","235","150",0.267,0.243,0.02400000000000002,0.421,0.393,0.02799999999999997,0.339,0.322,0.017000000000000015,"5.12","4.28","0.838"
"Hill, Tim","657612","2024","234","197",0.323,0.274,0.04899999999999999,0.382,0.343,0.03899999999999998,0.331,0.297,0.03400000000000003,"4.06","3.59","0.469"
"Strickland, Hunter","519326","2024","234","169",0.203,0.227,-0.023999999999999994,0.368,0.401,-0.03300000000000003,0.278,0.3,-0.021999999999999964,"3.53","3.67","-0.142"
"Sands, Cole","663485","2024","233","155",0.223,0.237,-0.013999999999999985,0.33,0.401,-0.07100000000000001,0.26,0.293,-0.032999999999999974,"3.18","3.49","-0.314"
"Harris, Hogan","663687","2024","233","164",0.26,0.281,-0.02100000000000002,0.412,0.475,-0.063,0.333,0.365,-0.03199999999999997,"2.98","5.70","-2.718"
"Puk, A.J.","640462","2024","233","147",0.206,0.213,-0.007000000000000006,0.328,0.315,0.013000000000000012,0.279,0.278,0.0010000000000000009,"3.60","3.12","0.48"
"Contreras, Roansy","672710","2024","233","155",0.233,0.248,-0.014999999999999986,0.371,0.413,-0.04199999999999998,0.299,0.324,-0.025000000000000022,"3.79","4.34","-0.553"
"Ginkel, Kevin","656464","2024","232","157",0.241,0.236,0.0050000000000000044,0.343,0.347,-0.003999999999999948,0.277,0.276,0.0010000000000000009,"2.67","3.08","-0.411"
"Leclerc, José","600917","2024","232","126",0.214,0.206,0.008000000000000007,0.362,0.355,0.007000000000000006,0.306,0.3,0.006000000000000005,"4.70","3.67","1.026"
"Smith, Cade","671922","2024","231","131",0.192,0.206,-0.013999999999999985,0.282,0.313,-0.031000000000000028,0.241,0.259,-0.018000000000000016,"1.95","2.70","-0.75"
"García, Luis","472610","2024","230","163",0.256,0.241,0.015000000000000013,0.417,0.397,0.019999999999999962,0.315,0.302,0.013000000000000012,"5.06","3.72","1.343"
"Miller, Erik","669062","2024","229","130",0.195,0.185,0.010000000000000009,0.349,0.309,0.03999999999999998,0.296,0.279,0.01699999999999996,"3.93","3.15","0.777"
"Darvish, Yu","506433","2024","229","160",0.216,0.233,-0.017000000000000015,0.365,0.391,-0.026000000000000023,0.275,0.297,-0.021999999999999964,"3.19","3.59","-0.395"
"Vest, Will","676684","2024","228","158",0.252,0.266,-0.014000000000000012,0.337,0.38,-0.04299999999999998,0.284,0.311,-0.027000000000000024,"3.19","3.96","-0.774"
"Fernandez, Ryan","681676","2024","227","149",0.231,0.232,-0.0010000000000000009,0.338,0.344,-0.00599999999999995,0.289,0.307,-0.018000000000000016,"3.50","3.85","-0.35"
"Robertson, David","502085","2024","227","124",0.213,0.216,-0.0030000000000000027,0.292,0.331,-0.039000000000000035,0.258,0.273,-0.015000000000000013,"3.11","3.01","0.099"
"Elder, Bryce","693821","2024","226","161",0.311,0.286,0.025000000000000022,0.49,0.446,0.043999999999999984,0.37,0.344,0.026000000000000023,"6.52","4.96","1.563"
"Pearson, Nate","663878","2024","225","142",0.263,0.236,0.027000000000000024,0.47,0.434,0.035999999999999976,0.341,0.327,0.014000000000000012,"4.91","4.43","0.479"
"Scott, Tanner","656945","2024","224","130",0.159,0.186,-0.026999999999999996,0.228,0.281,-0.05300000000000002,0.236,0.266,-0.030000000000000027,"1.63","2.85","-1.223"
"Cruz, Fernando","518585","2024","224","117",0.228,0.248,-0.01999999999999999,0.404,0.409,-0.004999999999999949,0.318,0.328,-0.010000000000000009,"5.43","4.46","0.975"
"Williams, Trevor","592866","2024","224","161",0.221,0.228,-0.007000000000000006,0.299,0.361,-0.062,0.253,0.287,-0.033999999999999975,"2.22","3.34","-1.116"
"Cole, Gerrit","543037","2024","224","145",0.268,0.246,0.02200000000000002,0.454,0.427,0.027000000000000024,0.34,0.32,0.020000000000000018,"4.15","4.22","-0.066"
"Anderson, Chase","502624","2024","224","167",0.231,0.246,-0.014999999999999986,0.417,0.441,-0.02400000000000002,0.312,0.332,-0.020000000000000018,"4.85","4.58","0.266"
"Chavez, Jesse","445926","2024","224","158",0.243,0.262,-0.019000000000000017,0.436,0.421,0.015000000000000013,0.318,0.323,-0.0050000000000000044,"2.85","4.31","-1.459"
"Matsui, Yuki","673513","2024","224","143",0.203,0.213,-0.009999999999999981,0.34,0.324,0.016000000000000014,0.268,0.27,-0.0020000000000000018,"3.27","2.94","0.333"
"Lawrence, Justin","664875","2024","223","155",0.308,0.29,0.018000000000000016,0.476,0.449,0.02699999999999997,0.38,0.368,0.01200000000000001,"6.47","5.81","0.663"
"Milner, Hoby","571948","2024","223","157",0.277,0.255,0.02200000000000002,0.426,0.361,0.065,0.318,0.285,0.03300000000000003,"4.92","3.29","1.635"
"Brown, Ben","676962","2024","222","138",0.208,0.237,-0.028999999999999998,0.33,0.407,-0.07699999999999996,0.268,0.32,-0.05199999999999999,"3.58","4.22","-0.642"
"Santana, Dennis","642701","2024","222","150",0.261,0.248,0.013000000000000012,0.422,0.379,0.04299999999999998,0.328,0.308,0.020000000000000018,"5.16","3.88","1.279"
"Turnbull, Spencer","605513","2024","222","139",0.188,0.233,-0.04500000000000001,0.325,0.39,-0.065,0.272,0.313,-0.04099999999999998,"2.65","4.02","-1.37"
"Kopech, Michael","656629","2024","221","119",0.193,0.199,-0.006000000000000005,0.326,0.366,-0.03999999999999998,0.279,0.296,-0.01699999999999996,"3.91","3.56","0.346"
"Harvey, Hunter","640451","2024","219","143",0.259,0.279,-0.020000000000000018,0.442,0.455,-0.013000000000000012,0.332,0.345,-0.012999999999999956,"4.44","5.00","-0.559"
"Holmes, Clay","605280","2024","219","142",0.256,0.214,0.04200000000000001,0.337,0.304,0.03300000000000003,0.288,0.261,0.02699999999999997,"2.82","2.74","0.084"
"Stratton, Chris","608717","2024","218","145",0.225,0.243,-0.017999999999999988,0.368,0.376,-0.008000000000000007,0.309,0.325,-0.016000000000000014,"4.80","4.37","0.426"
"Kelly, Kevin","687330","2024","218","158",0.25,0.257,-0.007000000000000006,0.407,0.393,0.013999999999999957,0.298,0.297,0.0010000000000000009,"3.52","3.59","-0.068"
"Hader, Josh","623352","2024","218","115",0.167,0.166,0.0010000000000000009,0.328,0.333,-0.0050000000000000044,0.25,0.251,-0.0010000000000000009,"3.35","2.54","0.815"
"Morejon, Adrian","670970","2024","218","141",0.254,0.223,0.031,0.386,0.345,0.041000000000000036,0.302,0.28,0.021999999999999964,"2.79","3.17","-0.383"
"Helsley, Ryan","664854","2024","217","135",0.22,0.215,0.0050000000000000044,0.283,0.305,-0.02200000000000002,0.258,0.266,-0.008000000000000007,"2.56","2.85","-0.287"
"Clase, Emmanuel","661403","2024","216","157",0.154,0.218,-0.064,0.199,0.307,-0.10799999999999998,0.174,0.246,-0.07200000000000001,"0.61","2.44","-1.833"
"Gaddis, Hunter","683769","2024","216","147",0.154,0.188,-0.034,0.244,0.306,-0.062,0.203,0.242,-0.03899999999999998,"1.38","2.36","-0.979"
"Barnes, Jacob","606930","2024","216","157",0.242,0.271,-0.029000000000000026,0.384,0.428,-0.043999999999999984,0.288,0.321,-0.03300000000000003,"3.35","4.25","-0.896"
"Jax, Griffin","643377","2024","215","130",0.176,0.19,-0.014000000000000012,0.266,0.307,-0.04099999999999998,0.217,0.238,-0.02099999999999999,"1.79","2.28","-0.491"
"Cabrera, Génesis","650893","2024","215","149",0.249,0.232,0.016999999999999987,0.411,0.366,0.044999999999999984,0.32,0.304,0.016000000000000014,"3.31","3.77","-0.464"
"Hoffman, Jeff","656546","2024","215","126",0.198,0.197,0.0010000000000000009,0.33,0.335,-0.0050000000000000044,0.255,0.258,-0.0030000000000000027,"2.02","2.68","-0.655"
"Vesia, Alex","681911","2024","214","115",0.159,0.169,-0.010000000000000009,0.308,0.35,-0.04199999999999998,0.251,0.27,-0.019000000000000017,"1.86","2.94","-1.084"
"Adam, Jason","592094","2024","214","130",0.162,0.212,-0.04999999999999999,0.262,0.349,-0.08699999999999997,0.223,0.283,-0.05999999999999997,"2.09","3.24","-1.151"
"Suter, Brent","608718","2024","214","161",0.255,0.269,-0.014000000000000012,0.435,0.422,0.013000000000000012,0.313,0.316,-0.0030000000000000027,"3.68","4.10","-0.418"
"Barlow, Scott","605130","2024","214","118",0.217,0.228,-0.01100000000000001,0.361,0.357,0.0040000000000000036,0.309,0.313,-0.0040000000000000036,"4.07","4.02","0.048"
"Alvarado, José","621237","2024","214","139",0.223,0.24,-0.016999999999999987,0.351,0.386,-0.03500000000000003,0.295,0.314,-0.019000000000000017,"4.47","4.05","0.42"
"Kittredge, Andrew","552640","2024","214","149",0.247,0.263,-0.016000000000000014,0.443,0.456,-0.013000000000000012,0.319,0.333,-0.014000000000000012,"3.51","4.61","-1.104"
"Molina, Anthony","683627","2024","213","162",0.303,0.303,0,0.447,0.469,-0.021999999999999964,0.354,0.366,-0.01200000000000001,"6.46","5.73","0.735"
"Faucher, Calvin","676534","2024","212","132",0.263,0.239,0.02400000000000002,0.358,0.339,0.01899999999999996,0.311,0.303,0.008000000000000007,"3.40","3.75","-0.351"
"Rodríguez, Randy","678495","2024","211","139",0.234,0.209,0.025000000000000022,0.372,0.352,0.020000000000000018,0.296,0.278,0.01799999999999996,"3.93","3.12","0.814"
"Thompson, Ryan","657044","2024","211","160",0.24,0.251,-0.01100000000000001,0.367,0.401,-0.03400000000000003,0.279,0.303,-0.023999999999999966,"2.58","3.75","-1.17"
"Kolek, Stephen","663568","2024","211","156",0.303,0.284,0.019000000000000017,0.41,0.417,-0.007000000000000006,0.335,0.33,0.0050000000000000044,"5.21","4.52","0.687"
"McArthur, James","663704","2024","211","160",0.299,0.279,0.019999999999999962,0.462,0.442,0.020000000000000018,0.344,0.329,0.014999999999999958,"4.71","4.49","0.221"
"Nardi, Andrew","677053","2024","210","121",0.234,0.196,0.038000000000000006,0.426,0.325,0.10099999999999998,0.312,0.261,0.05099999999999999,"5.07","2.74","2.334"
"Maton, Phil","664208","2024","210","133",0.211,0.247,-0.036000000000000004,0.378,0.413,-0.034999999999999976,0.31,0.336,-0.026000000000000023,"3.78","4.70","-0.92"
"Cleavinger, Garrett","664076","2024","210","119",0.212,0.228,-0.016000000000000014,0.291,0.36,-0.069,0.284,0.314,-0.030000000000000027,"2.75","4.05","-1.295"
"Cano, Yennier","666974","2024","209","139",0.245,0.239,0.006000000000000005,0.383,0.372,0.01100000000000001,0.309,0.303,0.006000000000000005,"2.86","3.75","-0.889"
"Megill, Tylor","656731","2024","209","128",0.246,0.235,0.01100000000000001,0.415,0.411,0.0040000000000000036,0.331,0.324,0.007000000000000006,"5.17","4.34","0.83"
"Brebbia, John","605154","2024","209","133",0.258,0.271,-0.013000000000000012,0.421,0.435,-0.014000000000000012,0.327,0.337,-0.010000000000000009,"5.66","4.74","0.924"
"Weissert, Greg","669711","2024","209","142",0.281,0.234,0.047000000000000014,0.443,0.362,0.08100000000000002,0.328,0.283,0.04500000000000004,"4.10","3.24","0.857"
"Peguero, Elvis","665625","2024","208","139",0.258,0.252,0.006000000000000005,0.363,0.366,-0.0030000000000000027,0.315,0.314,0.0010000000000000009,"3.00","4.05","-1.05"
"Ramírez, Yohan","670990","2024","208","134",0.28,0.255,0.025000000000000022,0.423,0.392,0.030999999999999972,0.351,0.331,0.019999999999999962,"6.20","4.55","1.65"
"Hudson, Bryan","663542","2024","208","132",0.148,0.206,-0.057999999999999996,0.307,0.356,-0.04899999999999999,0.232,0.276,-0.04400000000000001,"1.94","3.08","-1.14"
"Finnegan, Kyle","640448","2024","208","142",0.228,0.264,-0.036000000000000004,0.407,0.443,-0.03600000000000003,0.299,0.329,-0.030000000000000027,"3.60","4.49","-0.89"
"Martinez, Seth","661527","2024","208","153",0.231,0.241,-0.009999999999999981,0.403,0.374,0.029000000000000026,0.311,0.305,0.006000000000000005,"3.04","3.80","-0.76"
"Buehler, Walker","621111","2024","207","152",0.308,0.278,0.02999999999999997,0.551,0.47,0.08100000000000007,0.393,0.353,0.040000000000000036,"6.09","5.27","0.82"
"De Los Santos, Enyel","660853","2024","207","134",0.278,0.255,0.02300000000000002,0.567,0.484,0.08299999999999996,0.387,0.347,0.040000000000000036,"5.79","5.06","0.726"
"Smyly, Drew","592767","2024","207","145",0.225,0.233,-0.008000000000000007,0.39,0.371,0.019000000000000017,0.296,0.293,0.0030000000000000027,"2.88","3.49","-0.61"
"Moore, Matt","519043","2024","207","139",0.215,0.223,-0.008000000000000007,0.418,0.417,0.0010000000000000009,0.322,0.323,-0.0010000000000000009,"4.69","4.31","0.378"
"Webb, Jacob","657097","2024","207","129",0.188,0.218,-0.03,0.315,0.375,-0.06,0.268,0.301,-0.032999999999999974,"3.08","3.69","-0.609"
"Pressly, Ryan","519151","2024","206","138",0.272,0.248,0.02400000000000002,0.402,0.406,-0.0040000000000000036,0.322,0.315,0.007000000000000006,"3.86","4.08","-0.223"
"Jiménez, Joe","641729","2024","205","130",0.187,0.188,-0.0010000000000000009,0.236,0.29,-0.05399999999999999,0.232,0.256,-0.023999999999999994,"2.86","2.64","0.221"
"Zerpa, Angel","672582","2024","205","147",0.296,0.276,0.019999999999999962,0.441,0.452,-0.01100000000000001,0.342,0.34,0.0020000000000000018,"4.40","4.83","-0.43"
"Stanek, Ryne","592773","2024","204","127",0.226,0.215,0.01100000000000001,0.39,0.378,0.01200000000000001,0.312,0.303,0.009000000000000008,"5.09","3.75","1.337"
"Leiter Jr., Mark","643410","2024","204","117",0.235,0.222,0.012999999999999984,0.333,0.338,-0.0050000000000000044,0.289,0.285,0.0040000000000000036,"4.53","3.29","1.243"
"Doval, Camilo","666808","2024","203","116",0.247,0.202,0.044999999999999984,0.4,0.339,0.061,0.334,0.301,0.03300000000000003,"4.71","3.69","1.015"
"Chapman, Aroldis","547973","2024","203","92",0.169,0.164,0.0050000000000000044,0.301,0.31,-0.009000000000000008,0.282,0.285,-0.0030000000000000027,"3.21","3.29","-0.08"
"Hudson, Daniel","543339","2024","202","139",0.191,0.215,-0.023999999999999994,0.346,0.415,-0.069,0.254,0.291,-0.03699999999999998,"2.61","3.44","-0.827"
"Voth, Austin","608723","2024","201","137",0.2,0.216,-0.015999999999999986,0.362,0.359,0.0030000000000000027,0.273,0.278,-0.0050000000000000044,"3.04","3.12","-0.08"
"Estrada, Jeremiah","669093","2024","201","104",0.212,0.202,0.009999999999999981,0.318,0.309,0.009000000000000008,0.26,0.262,-0.0020000000000000018,"3.42","2.76","0.663"
"Rogers, Taylor","573124","2024","201","128",0.246,0.216,0.03,0.415,0.355,0.06,0.315,0.283,0.03200000000000003,"2.57","3.24","-0.669"
"Herrin, Tim","682120","2024","201","125",0.156,0.218,-0.062,0.22,0.333,-0.11300000000000002,0.228,0.292,-0.06399999999999997,"2.12","3.46","-1.342"
"Priester, Quinn","682990","2024","201","155",0.283,0.279,0.003999999999999948,0.44,0.43,0.010000000000000009,0.335,0.331,0.0040000000000000036,"5.04","4.55","0.487"
"Koenig, Jared","657649","2024","201","133",0.221,0.219,0.0020000000000000018,0.298,0.35,-0.05199999999999999,0.262,0.28,-0.018000000000000016,"2.08","3.17","-1.093"
"Garcia, Robert","676395","2024","200","125",0.254,0.215,0.03900000000000001,0.354,0.311,0.04299999999999998,0.295,0.265,0.02999999999999997,"4.70","2.83","1.866"
"Romero, JoJo","668941","2024","200","143",0.223,0.268,-0.04500000000000001,0.348,0.445,-0.09700000000000003,0.275,0.33,-0.05499999999999999,"2.50","4.52","-2.017"
"Kerkering, Orion","689147","2024","200","125",0.236,0.225,0.010999999999999982,0.32,0.341,-0.02100000000000002,0.281,0.284,-0.002999999999999947,"2.40","3.27","-0.866"
"Kelly, Zack","677161","2024","200","127",0.197,0.228,-0.031,0.388,0.433,-0.044999999999999984,0.292,0.321,-0.029000000000000026,"2.79","4.25","-1.457"
"Povich, Cade","700249","2024","200","144",0.266,0.223,0.04300000000000001,0.462,0.399,0.063,0.352,0.313,0.03899999999999998,"5.77","4.02","1.751"
"Brieske, Beau","689225","2024","200","128",0.253,0.236,0.017000000000000015,0.365,0.361,0.0040000000000000036,0.301,0.294,0.007000000000000006,"4.24","3.51","0.733"
"Chafin, Andrew","605177","2024","200","115",0.243,0.215,0.027999999999999997,0.358,0.353,0.0050000000000000044,0.299,0.286,0.013000000000000012,"3.55","3.31","0.237"
"Ottavino, Adam","493603","2024","199","118",0.236,0.202,0.033999999999999975,0.368,0.328,0.03999999999999998,0.308,0.281,0.02699999999999997,"4.57","3.19","1.376"
"Smith, Burch","572143","2024","199","148",0.295,0.28,0.014999999999999958,0.426,0.464,-0.038000000000000034,0.33,0.341,-0.01100000000000001,"4.76","4.86","-0.095"
"Domínguez, Seranthony","622554","2024","199","127",0.214,0.206,0.008000000000000007,0.429,0.39,0.03899999999999998,0.307,0.289,0.018000000000000016,"4.40","3.39","1.014"
"Bednar, David","670280","2024","199","132",0.253,0.241,0.01200000000000001,0.444,0.453,-0.009000000000000008,0.331,0.33,0.0010000000000000009,"5.68","4.52","1.164"
"Garrett, Reed","657585","2024","199","103",0.241,0.206,0.035,0.388,0.326,0.062,0.325,0.29,0.03500000000000003,"4.00","3.41","0.59"
"Baumann, Mike","657508","2024","198","135",0.26,0.25,0.010000000000000009,0.445,0.433,0.01200000000000001,0.342,0.338,0.0040000000000000036,"4.95","4.77","0.177"
"Hancock, Emerson","676106","2024","198","152",0.258,0.3,-0.04199999999999998,0.444,0.5,-0.055999999999999994,0.332,0.376,-0.043999999999999984,"4.76","6.11","-1.345"
"Bummer, Aaron","607481","2024","198","126",0.298,0.24,0.057999999999999996,0.387,0.288,0.09900000000000003,0.319,0.263,0.055999999999999994,"3.63","2.79","0.837"
"King, John","667463","2024","197","157",0.275,0.258,0.017000000000000015,0.39,0.395,-0.0050000000000000044,0.294,0.301,-0.007000000000000006,"2.87","3.69","-0.818"
"Scott, Christian","681035","2024","197","143",0.25,0.253,-0.0030000000000000027,0.433,0.453,-0.020000000000000018,0.318,0.327,-0.009000000000000008,"4.56","4.43","0.133"
"Weems, Jordan","607179","2024","196","135",0.288,0.26,0.02799999999999997,0.482,0.442,0.03999999999999998,0.376,0.35,0.026000000000000023,"6.70","5.16","1.536"
"Neris, Héctor","593576","2024","196","122",0.247,0.243,0.0040000000000000036,0.398,0.412,-0.013999999999999957,0.327,0.331,-0.0040000000000000036,"3.89","4.55","-0.664"
"López, Jorge","605347","2024","196","135",0.237,0.226,0.010999999999999982,0.356,0.377,-0.02100000000000002,0.295,0.297,-0.0020000000000000018,"2.44","3.59","-1.152"
"Lee, Dylan","669276","2024","195","125",0.223,0.203,0.01999999999999999,0.358,0.325,0.032999999999999974,0.272,0.25,0.02200000000000002,"1.85","2.52","-0.671"
"Kimbrel, Craig","518886","2024","195","100",0.18,0.205,-0.024999999999999994,0.335,0.373,-0.03799999999999998,0.289,0.312,-0.02300000000000002,"3.94","3.99","-0.048"
"Knack, Landon","689017","2024","195","136",0.201,0.216,-0.014999999999999986,0.402,0.411,-0.008999999999999952,0.287,0.295,-0.008000000000000007,"3.00","3.54","-0.54"
"Suarez, Robert","663158","2024","194","136",0.192,0.201,-0.009000000000000008,0.291,0.349,-0.057999999999999996,0.229,0.253,-0.023999999999999994,"1.79","2.58","-0.792"
"Bender, Anthony","669622","2024","194","127",0.251,0.231,0.01999999999999999,0.371,0.354,0.017000000000000015,0.301,0.287,0.014000000000000012,"4.00","3.34","0.66"
"Mantiply, Joe","573009","2024","194","141",0.239,0.233,0.005999999999999978,0.361,0.385,-0.02400000000000002,0.274,0.281,-0.007000000000000006,"3.61","3.19","0.423"
"Nicolas, Kyle","693312","2024","194","120",0.222,0.207,0.015000000000000013,0.269,0.294,-0.024999999999999967,0.271,0.277,-0.006000000000000005,"2.78","3.10","-0.321"
"Foley, Jason","671345","2024","194","143",0.249,0.263,-0.014000000000000012,0.382,0.413,-0.030999999999999972,0.304,0.327,-0.02300000000000002,"3.40","4.43","-1.03"
"Williams, Gavin","668909","2024","193","128",0.266,0.269,-0.0030000000000000027,0.434,0.417,0.017000000000000015,0.333,0.329,0.0040000000000000036,"5.02","4.49","0.533"
"Soto, Gregory","642397","2024","193","113",0.289,0.252,0.03699999999999998,0.415,0.394,0.020999999999999963,0.358,0.34,0.01799999999999996,"5.40","4.83","0.57"
"Jackson, Luke","592426","2024","193","127",0.271,0.251,0.020000000000000018,0.435,0.424,0.01100000000000001,0.343,0.33,0.013000000000000012,"5.57","4.52","1.045"
"Hernández, Jonathan","642546","2024","192","124",0.256,0.243,0.013000000000000012,0.431,0.412,0.019000000000000017,0.348,0.337,0.010999999999999954,"5.40","4.74","0.66"
"Latz, Jacob","656641","2024","192","124",0.241,0.242,-0.0010000000000000009,0.377,0.443,-0.066,0.318,0.344,-0.025999999999999968,"3.71","4.96","-1.25"
"Sims, Lucas","608371","2024","192","119",0.233,0.233,0,0.411,0.404,0.006999999999999951,0.327,0.325,0.0020000000000000018,"4.09","4.37","-0.279"
"Adams, Austin","613534","2024","191","102",0.25,0.207,0.04300000000000001,0.408,0.316,0.09199999999999997,0.354,0.314,0.03999999999999998,"3.92","4.05","-0.131"
"Díaz, Alexis","664747","2024","191","118",0.212,0.22,-0.008000000000000007,0.338,0.352,-0.013999999999999957,0.304,0.312,-0.008000000000000007,"4.09","3.99","0.101"
"Erceg, Lucas","668674","2024","191","118",0.202,0.22,-0.017999999999999988,0.306,0.332,-0.026000000000000023,0.258,0.275,-0.017000000000000015,"2.87","3.05","-0.178"
"Thorpe, Drew","689672","2024","190","142",0.212,0.245,-0.033,0.424,0.442,-0.018000000000000016,0.315,0.335,-0.020000000000000018,"5.48","4.67","0.811"
"Bernardino, Brennan","657514","2024","190","121",0.258,0.237,0.02100000000000002,0.393,0.39,0.0030000000000000027,0.319,0.31,0.009000000000000008,"3.59","3.94","-0.354"
"Muñoz, Andrés","662253","2024","189","106",0.16,0.183,-0.022999999999999993,0.252,0.312,-0.06,0.236,0.272,-0.03600000000000003,"1.88","2.98","-1.105"
"Sandlin, Nick","680704","2024","189","112",0.206,0.217,-0.01100000000000001,0.406,0.402,0.0040000000000000036,0.31,0.315,-0.0050000000000000044,"3.55","4.08","-0.533"
"Payamps, Joel","606303","2024","189","130",0.194,0.252,-0.057999999999999996,0.365,0.464,-0.09900000000000003,0.269,0.333,-0.064,"3.47","4.61","-1.139"
"Yates, Kirby","489446","2024","188","93",0.125,0.151,-0.025999999999999995,0.194,0.218,-0.023999999999999994,0.192,0.213,-0.02099999999999999,"1.30","1.84","-0.537"
"Dubin, Shawn","681869","2024","188","119",0.27,0.23,0.04000000000000001,0.377,0.343,0.033999999999999975,0.331,0.315,0.016000000000000014,"4.36","4.08","0.275"
"Holmes, Grant","656550","2024","188","128",0.233,0.234,-0.0010000000000000009,0.335,0.369,-0.033999999999999975,0.265,0.278,-0.013000000000000012,"3.45","3.12","0.327"
"Alcala, Jorge","660896","2024","188","125",0.186,0.198,-0.01200000000000001,0.329,0.332,-0.0030000000000000027,0.263,0.271,-0.008000000000000007,"3.09","2.96","0.126"
"Miller, Shelby","571946","2024","187","135",0.2,0.223,-0.022999999999999993,0.376,0.392,-0.016000000000000014,0.27,0.296,-0.025999999999999968,"5.01","3.56","1.454"
"Strahm, Matt","621381","2024","187","112",0.187,0.203,-0.016000000000000014,0.31,0.332,-0.02200000000000002,0.24,0.254,-0.014000000000000012,"2.22","2.60","-0.381"
"Bido, Osvaldo","674370","2024","187","114",0.196,0.177,0.019000000000000017,0.285,0.266,0.01899999999999996,0.278,0.264,0.014000000000000012,"3.40","2.81","0.59"
"Ferguson, Caleb","657571","2024","186","115",0.258,0.246,0.01200000000000001,0.429,0.411,0.018000000000000016,0.337,0.326,0.01100000000000001,"4.91","4.40","0.509"
"Baz, Shane","669358","2024","186","132",0.246,0.251,-0.0050000000000000044,0.359,0.4,-0.041000000000000036,0.3,0.32,-0.020000000000000018,"3.48","4.22","-0.743"
"Wood, Alex","622072","2024","186","129",0.323,0.306,0.017000000000000015,0.519,0.495,0.02400000000000002,0.398,0.389,0.009000000000000008,"5.26","6.64","-1.377"
"Kuhl, Chad","641771","2024","186","122",0.261,0.23,0.031,0.422,0.373,0.04899999999999999,0.336,0.308,0.028000000000000025,"4.68","3.88","0.797"
"Brito, Jhony","666745","2024","185","146",0.283,0.267,0.01599999999999996,0.387,0.414,-0.02699999999999997,0.307,0.312,-0.0050000000000000044,"4.12","3.99","0.132"
"Fairbanks, Pete","664126","2024","185","124",0.217,0.254,-0.037000000000000005,0.313,0.4,-0.08700000000000002,0.265,0.311,-0.045999999999999985,"3.57","3.96","-0.386"
"Holderman, Colin","670059","2024","185","115",0.236,0.229,0.0069999999999999785,0.401,0.414,-0.012999999999999956,0.318,0.33,-0.01200000000000001,"3.43","4.52","-1.091"
"McFarland, T.J.","519008","2024","183","138",0.256,0.223,0.033,0.381,0.312,0.069,0.295,0.256,0.03899999999999998,"3.86","2.64","1.217"
"Henry, Tommy","674072","2024","182","130",0.312,0.291,0.02100000000000002,0.586,0.521,0.06499999999999995,0.413,0.387,0.025999999999999968,"7.04","6.56","0.483"
"Rainey, Tanner","663432","2024","182","124",0.25,0.247,0.0030000000000000027,0.434,0.512,-0.07800000000000001,0.355,0.379,-0.02400000000000002,"5.40","6.23","-0.83"
"Johnson, Pierce","572955","2024","181","107",0.233,0.229,0.0040000000000000036,0.327,0.357,-0.02999999999999997,0.293,0.302,-0.009000000000000008,"3.40","3.72","-0.318"
"Jansen, Kenley","445276","2024","181","112",0.204,0.218,-0.014000000000000012,0.309,0.372,-0.063,0.253,0.287,-0.033999999999999975,"2.78","3.34","-0.561"
"Medina, Luis","665622","2024","180","127",0.276,0.259,0.017000000000000015,0.417,0.41,0.007000000000000006,0.336,0.331,0.0050000000000000044,"5.17","4.55","0.625"
"Iglesias, Raisel","628452","2024","178","122",0.139,0.206,-0.06699999999999998,0.206,0.297,-0.091,0.175,0.24,-0.065,"1.48","2.32","-0.841"
"Muller, Kyle","666205","2024","178","133",0.271,0.268,0.0030000000000000027,0.44,0.435,0.0050000000000000044,0.318,0.316,0.0020000000000000018,"4.22","4.10","0.119"
"Birdsong, Hayden","806185","2024","178","105",0.23,0.228,0.0020000000000000018,0.441,0.433,0.008000000000000007,0.337,0.333,0.0040000000000000036,"5.01","4.61","0.398"
"Miller, Mason","695243","2024","178","81",0.127,0.128,-0.0010000000000000009,0.209,0.206,0.0030000000000000027,0.188,0.195,-0.007000000000000006,"1.89","1.56","0.328"
"Grove, Michael","675627","2024","177","107",0.234,0.219,0.015000000000000013,0.351,0.334,0.01699999999999996,0.301,0.292,0.009000000000000008,"5.18","3.46","1.724"
"Pérez, Cionel","672335","2024","177","116",0.217,0.23,-0.013000000000000012,0.309,0.322,-0.013000000000000012,0.289,0.3,-0.01100000000000001,"3.95","3.67","0.281"
"Vieira, Thyago","600986","2024","177","110",0.252,0.243,0.009000000000000008,0.469,0.453,0.01599999999999996,0.361,0.353,0.008000000000000007,"5.21","5.27","-0.059"
"Booser, Cam","592155","2024","177","122",0.242,0.224,0.017999999999999988,0.366,0.367,-0.0010000000000000009,0.285,0.282,0.0030000000000000027,"3.00","3.22","-0.22"
"Miller, Tyson","668338","2024","176","126",0.181,0.216,-0.035,0.313,0.379,-0.066,0.234,0.273,-0.03900000000000001,"1.74","3.01","-1.274"
"Boyle, Joe","671212","2024","176","104",0.239,0.23,0.00899999999999998,0.359,0.352,0.007000000000000006,0.331,0.324,0.007000000000000006,"6.21","4.34","1.872"
"Anderson, Justin","605121","2024","175","109",0.209,0.221,-0.01200000000000001,0.331,0.396,-0.065,0.296,0.322,-0.026000000000000023,"4.28","4.28","-0.005"
"Varland, Louie","686973","2024","174","127",0.312,0.297,0.015000000000000013,0.51,0.502,0.008000000000000007,0.377,0.372,0.0050000000000000044,"6.14","5.96","0.176"
"Pop, Zach","647315","2024","173","131",0.265,0.273,-0.008000000000000007,0.452,0.429,0.02300000000000002,0.331,0.328,0.0030000000000000027,"6.08","4.46","1.615"
"Meyer, Max","676974","2024","173","125",0.274,0.259,0.015000000000000013,0.548,0.484,0.06400000000000006,0.374,0.348,0.026000000000000023,"5.58","5.10","0.479"
"Schreiber, John","670167","2024","173","124",0.261,0.25,0.01100000000000001,0.353,0.333,0.019999999999999962,0.306,0.3,0.006000000000000005,"3.92","3.67","0.253"
"Slaten, Justin","686580","2024","172","116",0.22,0.224,-0.0040000000000000036,0.302,0.327,-0.025000000000000022,0.252,0.273,-0.02100000000000002,"3.38","3.01","0.365"
"Smith, Will","519293","2024","172","129",0.25,0.285,-0.034999999999999976,0.421,0.48,-0.059,0.321,0.357,-0.035999999999999976,"5.26","5.41","-0.147"
"Suarez, José","660761","2024","172","109",0.303,0.261,0.04199999999999998,0.566,0.427,0.13899999999999996,0.413,0.356,0.056999999999999995,"8.15","5.37","2.781"
"Bradford, Cody","674003","2024","171","123",0.213,0.236,-0.022999999999999993,0.354,0.424,-0.07,0.26,0.297,-0.03699999999999998,"3.56","3.59","-0.032"
"Keller, Brad","641745","2024","169","125",0.265,0.255,0.010000000000000009,0.477,0.471,0.006000000000000005,0.346,0.339,0.006999999999999951,"5.30","4.80","0.504"
"Banda, Anthony","607455","2024","167","104",0.214,0.224,-0.010000000000000009,0.317,0.355,-0.03799999999999998,0.263,0.281,-0.018000000000000016,"2.23","3.19","-0.959"
"Hoeing, Bryan","663773","2024","165","121",0.224,0.287,-0.06299999999999997,0.309,0.458,-0.14900000000000002,0.263,0.345,-0.08199999999999996,"2.18","5.00","-2.823"
"Estévez, Carlos","608032","2024","165","114",0.187,0.213,-0.025999999999999995,0.303,0.393,-0.09000000000000002,0.226,0.272,-0.04600000000000001,"2.47","2.98","-0.507"
"Phillips, Evan","623465","2024","164","105",0.237,0.225,0.011999999999999983,0.375,0.357,0.018000000000000016,0.293,0.281,0.011999999999999955,"3.40","3.19","0.213"
"Thielbar, Caleb","573204","2024","164","106",0.262,0.245,0.017000000000000015,0.414,0.431,-0.017000000000000015,0.323,0.327,-0.0040000000000000036,"5.75","4.43","1.32"
"Montero, Rafael","606160","2024","164","119",0.248,0.273,-0.025000000000000022,0.461,0.479,-0.01799999999999996,0.351,0.367,-0.016000000000000014,"4.70","5.77","-1.074"
"Wilson, Steven","621051","2024","163","100",0.227,0.251,-0.023999999999999994,0.469,0.453,0.01599999999999996,0.347,0.357,-0.010000000000000009,"5.71","5.41","0.302"
"Bradish, Kyle","680694","2024","163","91",0.188,0.181,0.007000000000000006,0.299,0.297,0.0020000000000000018,0.261,0.259,0.0020000000000000018,"2.75","2.70","0.046"
"Duran, Jhoan","661395","2024","163","104",0.207,0.208,-0.0010000000000000009,0.352,0.3,0.05199999999999999,0.273,0.26,0.013000000000000012,"3.32","2.72","0.6"
"Brazobán, Huascar","623211","2024","163","101",0.186,0.203,-0.017000000000000015,0.269,0.284,-0.014999999999999958,0.25,0.263,-0.013000000000000012,"3.40","2.79","0.613"
"Sánchez, Sixto","664350","2024","162","128",0.303,0.279,0.023999999999999966,0.43,0.433,-0.0030000000000000027,0.354,0.348,0.006000000000000005,"6.06","5.10","0.956"
"Garrett, Braxton","666129","2024","161","118",0.263,0.268,-0.0050000000000000044,0.414,0.448,-0.03400000000000003,0.313,0.327,-0.014000000000000012,"5.35","4.43","0.921"
"Leahy, Kyle","681517","2024","161","127",0.22,0.267,-0.047000000000000014,0.333,0.438,-0.10499999999999998,0.259,0.322,-0.063,"3.70","4.28","-0.578"